����Id,��������,��������
ItemId:INT,ItemName:STRING,ItemDes:STRING
1,������,������������������
2,���콣,���첻����˭������
3,�򹷰�,ؤ����������
4,�򹷰�,ؤ����������
5,�򹷰�,ؤ����������
6,�򹷰�,ؤ����������
7,�򹷰�,ؤ����������
8,�򹷰�,ؤ����������
9,�򹷰�,ؤ����������
10,�򹷰�,ؤ����������
11,�򹷰�,ؤ����������
12,�򹷰�,ؤ����������
13,�򹷰�,ؤ����������
14,�򹷰�,ؤ����������
15,�򹷰�,ؤ����������
16,�򹷰�,ؤ����������
17,�򹷰�,ؤ����������
18,�򹷰�,ؤ����������
19,�򹷰�,ؤ����������
20,�򹷰�,ؤ����������
21,�򹷰�,ؤ����������
22,�򹷰�,ؤ����������
23,�򹷰�,ؤ����������
24,�򹷰�,ؤ����������
25,�򹷰�,ؤ����������
26,�򹷰�,ؤ����������
27,�򹷰�,ؤ����������
28,�򹷰�,ؤ����������
29,�򹷰�,ؤ����������
30,�򹷰�,ؤ����������
31,�򹷰�,ؤ����������
32,�򹷰�,ؤ����������
33,�򹷰�,ؤ����������
34,�򹷰�,ؤ����������
35,�򹷰�,ؤ����������
36,�򹷰�,ؤ����������
37,�򹷰�,ؤ����������
38,�򹷰�,ؤ����������
39,�򹷰�,ؤ����������
40,�򹷰�,ؤ����������
41,�򹷰�,ؤ����������
42,�򹷰�,ؤ����������
43,�򹷰�,ؤ����������
44,�򹷰�,ؤ����������
45,�򹷰�,ؤ����������
46,�򹷰�,ؤ����������
47,�򹷰�,ؤ����������
48,�򹷰�,ؤ����������
49,�򹷰�,ؤ����������
50,�򹷰�,ؤ����������
51,�򹷰�,ؤ����������
52,�򹷰�,ؤ����������
53,�򹷰�,ؤ����������
54,�򹷰�,ؤ����������
55,�򹷰�,ؤ����������
56,�򹷰�,ؤ����������
57,�򹷰�,ؤ����������
58,�򹷰�,ؤ����������
59,�򹷰�,ؤ����������
60,�򹷰�,ؤ����������
61,�򹷰�,ؤ����������
62,�򹷰�,ؤ����������
63,�򹷰�,ؤ����������
64,�򹷰�,ؤ����������
65,�򹷰�,ؤ����������
66,�򹷰�,ؤ����������
67,�򹷰�,ؤ����������
68,�򹷰�,ؤ����������
69,�򹷰�,ؤ����������
70,�򹷰�,ؤ����������
71,�򹷰�,ؤ����������
72,�򹷰�,ؤ����������
73,�򹷰�,ؤ����������
74,�򹷰�,ؤ����������
75,�򹷰�,ؤ����������
76,�򹷰�,ؤ����������
77,�򹷰�,ؤ����������
78,�򹷰�,ؤ����������
79,�򹷰�,ؤ����������
80,�򹷰�,ؤ����������
81,�򹷰�,ؤ����������
82,�򹷰�,ؤ����������
83,�򹷰�,ؤ����������
84,�򹷰�,ؤ����������
85,�򹷰�,ؤ����������
86,�򹷰�,ؤ����������
87,�򹷰�,ؤ����������
88,�򹷰�,ؤ����������
89,�򹷰�,ؤ����������
90,�򹷰�,ؤ����������
91,�򹷰�,ؤ����������
92,�򹷰�,ؤ����������
93,�򹷰�,ؤ����������
94,�򹷰�,ؤ����������
95,�򹷰�,ؤ����������
96,�򹷰�,ؤ����������
97,�򹷰�,ؤ����������
98,�򹷰�,ؤ����������
99,�򹷰�,ؤ����������
100,�򹷰�,ؤ����������
101,�򹷰�,ؤ����������
102,�򹷰�,ؤ����������
103,�򹷰�,ؤ����������
104,�򹷰�,ؤ����������
105,�򹷰�,ؤ����������
106,�򹷰�,ؤ����������
107,�򹷰�,ؤ����������
108,�򹷰�,ؤ����������
109,�򹷰�,ؤ����������
110,�򹷰�,ؤ����������
111,�򹷰�,ؤ����������
112,�򹷰�,ؤ����������
113,�򹷰�,ؤ����������
114,�򹷰�,ؤ����������
115,�򹷰�,ؤ����������
116,�򹷰�,ؤ����������
117,�򹷰�,ؤ����������
118,�򹷰�,ؤ����������
119,�򹷰�,ؤ����������
120,�򹷰�,ؤ����������
121,�򹷰�,ؤ����������
122,�򹷰�,ؤ����������
123,�򹷰�,ؤ����������
124,�򹷰�,ؤ����������
125,�򹷰�,ؤ����������
126,�򹷰�,ؤ����������
127,�򹷰�,ؤ����������
128,�򹷰�,ؤ����������
129,�򹷰�,ؤ����������
130,�򹷰�,ؤ����������
131,�򹷰�,ؤ����������
132,�򹷰�,ؤ����������
133,�򹷰�,ؤ����������
134,�򹷰�,ؤ����������
135,�򹷰�,ؤ����������
136,�򹷰�,ؤ����������
137,�򹷰�,ؤ����������
138,�򹷰�,ؤ����������
139,�򹷰�,ؤ����������
140,�򹷰�,ؤ����������
141,�򹷰�,ؤ����������
142,�򹷰�,ؤ����������
143,�򹷰�,ؤ����������
144,�򹷰�,ؤ����������
145,�򹷰�,ؤ����������
146,�򹷰�,ؤ����������
147,�򹷰�,ؤ����������
148,�򹷰�,ؤ����������
149,�򹷰�,ؤ����������
150,�򹷰�,ؤ����������
151,�򹷰�,ؤ����������
152,�򹷰�,ؤ����������
153,�򹷰�,ؤ����������
154,�򹷰�,ؤ����������
155,�򹷰�,ؤ����������
156,�򹷰�,ؤ����������
157,�򹷰�,ؤ����������
158,�򹷰�,ؤ����������
159,�򹷰�,ؤ����������
160,�򹷰�,ؤ����������
161,�򹷰�,ؤ����������
162,�򹷰�,ؤ����������
163,�򹷰�,ؤ����������
164,�򹷰�,ؤ����������
165,�򹷰�,ؤ����������
166,�򹷰�,ؤ����������
167,�򹷰�,ؤ����������
168,�򹷰�,ؤ����������
169,�򹷰�,ؤ����������
170,�򹷰�,ؤ����������
171,�򹷰�,ؤ����������
172,�򹷰�,ؤ����������
173,�򹷰�,ؤ����������
174,�򹷰�,ؤ����������
175,�򹷰�,ؤ����������
176,�򹷰�,ؤ����������
177,�򹷰�,ؤ����������
178,�򹷰�,ؤ����������
179,�򹷰�,ؤ����������
180,�򹷰�,ؤ����������
181,�򹷰�,ؤ����������
182,�򹷰�,ؤ����������
183,�򹷰�,ؤ����������
184,�򹷰�,ؤ����������
185,�򹷰�,ؤ����������
186,�򹷰�,ؤ����������
187,�򹷰�,ؤ����������
188,�򹷰�,ؤ����������
189,�򹷰�,ؤ����������
190,�򹷰�,ؤ����������
191,�򹷰�,ؤ����������
192,�򹷰�,ؤ����������
193,�򹷰�,ؤ����������
194,�򹷰�,ؤ����������
195,�򹷰�,ؤ����������
196,�򹷰�,ؤ����������
197,�򹷰�,ؤ����������
198,�򹷰�,ؤ����������
199,�򹷰�,ؤ����������
200,�򹷰�,ؤ����������
201,�򹷰�,ؤ����������
202,�򹷰�,ؤ����������
203,�򹷰�,ؤ����������
204,�򹷰�,ؤ����������
205,�򹷰�,ؤ����������
206,�򹷰�,ؤ����������
207,�򹷰�,ؤ����������
208,�򹷰�,ؤ����������
209,�򹷰�,ؤ����������
210,�򹷰�,ؤ����������
211,�򹷰�,ؤ����������
212,�򹷰�,ؤ����������
213,�򹷰�,ؤ����������
214,�򹷰�,ؤ����������
215,�򹷰�,ؤ����������
216,�򹷰�,ؤ����������
217,�򹷰�,ؤ����������
218,�򹷰�,ؤ����������
219,�򹷰�,ؤ����������
220,�򹷰�,ؤ����������
221,�򹷰�,ؤ����������
222,�򹷰�,ؤ����������
223,�򹷰�,ؤ����������
224,�򹷰�,ؤ����������
225,�򹷰�,ؤ����������
226,�򹷰�,ؤ����������
227,�򹷰�,ؤ����������
228,�򹷰�,ؤ����������
229,�򹷰�,ؤ����������
230,�򹷰�,ؤ����������
231,�򹷰�,ؤ����������
232,�򹷰�,ؤ����������
233,�򹷰�,ؤ����������
234,�򹷰�,ؤ����������
235,�򹷰�,ؤ����������
236,�򹷰�,ؤ����������
237,�򹷰�,ؤ����������
238,�򹷰�,ؤ����������
239,�򹷰�,ؤ����������
240,�򹷰�,ؤ����������
241,�򹷰�,ؤ����������
242,�򹷰�,ؤ����������
243,�򹷰�,ؤ����������
244,�򹷰�,ؤ����������
245,�򹷰�,ؤ����������
246,�򹷰�,ؤ����������
247,�򹷰�,ؤ����������
248,�򹷰�,ؤ����������
249,�򹷰�,ؤ����������
250,�򹷰�,ؤ����������
251,�򹷰�,ؤ����������
252,�򹷰�,ؤ����������
253,�򹷰�,ؤ����������
254,�򹷰�,ؤ����������
255,�򹷰�,ؤ����������
256,�򹷰�,ؤ����������
257,�򹷰�,ؤ����������
258,�򹷰�,ؤ����������
259,�򹷰�,ؤ����������
260,�򹷰�,ؤ����������
261,�򹷰�,ؤ����������
262,�򹷰�,ؤ����������
263,�򹷰�,ؤ����������
264,�򹷰�,ؤ����������
265,�򹷰�,ؤ����������
266,�򹷰�,ؤ����������
267,�򹷰�,ؤ����������
268,�򹷰�,ؤ����������
269,�򹷰�,ؤ����������
270,�򹷰�,ؤ����������
271,�򹷰�,ؤ����������
272,�򹷰�,ؤ����������
273,�򹷰�,ؤ����������
274,�򹷰�,ؤ����������
275,�򹷰�,ؤ����������
276,�򹷰�,ؤ����������
277,�򹷰�,ؤ����������
278,�򹷰�,ؤ����������
279,�򹷰�,ؤ����������
280,�򹷰�,ؤ����������
281,�򹷰�,ؤ����������
282,�򹷰�,ؤ����������
283,�򹷰�,ؤ����������
284,�򹷰�,ؤ����������
285,�򹷰�,ؤ����������
286,�򹷰�,ؤ����������
287,�򹷰�,ؤ����������
288,�򹷰�,ؤ����������
289,�򹷰�,ؤ����������
290,�򹷰�,ؤ����������
291,�򹷰�,ؤ����������
292,�򹷰�,ؤ����������
293,�򹷰�,ؤ����������
294,�򹷰�,ؤ����������
295,�򹷰�,ؤ����������
296,�򹷰�,ؤ����������
297,�򹷰�,ؤ����������
298,�򹷰�,ؤ����������
299,�򹷰�,ؤ����������
300,�򹷰�,ؤ����������
301,�򹷰�,ؤ����������
302,�򹷰�,ؤ����������
303,�򹷰�,ؤ����������
304,�򹷰�,ؤ����������
305,�򹷰�,ؤ����������
306,�򹷰�,ؤ����������
307,�򹷰�,ؤ����������
308,�򹷰�,ؤ����������
309,�򹷰�,ؤ����������
310,�򹷰�,ؤ����������
311,�򹷰�,ؤ����������
312,�򹷰�,ؤ����������
313,�򹷰�,ؤ����������
314,�򹷰�,ؤ����������
315,�򹷰�,ؤ����������
316,�򹷰�,ؤ����������
317,�򹷰�,ؤ����������
318,�򹷰�,ؤ����������
319,�򹷰�,ؤ����������
320,�򹷰�,ؤ����������
321,�򹷰�,ؤ����������
322,�򹷰�,ؤ����������
323,�򹷰�,ؤ����������
324,�򹷰�,ؤ����������
325,�򹷰�,ؤ����������
326,�򹷰�,ؤ����������
327,�򹷰�,ؤ����������
328,�򹷰�,ؤ����������
329,�򹷰�,ؤ����������
330,�򹷰�,ؤ����������
331,�򹷰�,ؤ����������
332,�򹷰�,ؤ����������
333,�򹷰�,ؤ����������
334,�򹷰�,ؤ����������
335,�򹷰�,ؤ����������
336,�򹷰�,ؤ����������
337,�򹷰�,ؤ����������
338,�򹷰�,ؤ����������
339,�򹷰�,ؤ����������
340,�򹷰�,ؤ����������
341,�򹷰�,ؤ����������
342,�򹷰�,ؤ����������
343,�򹷰�,ؤ����������
344,�򹷰�,ؤ����������
345,�򹷰�,ؤ����������
346,�򹷰�,ؤ����������
347,�򹷰�,ؤ����������
348,�򹷰�,ؤ����������
349,�򹷰�,ؤ����������
350,�򹷰�,ؤ����������
351,�򹷰�,ؤ����������
352,�򹷰�,ؤ����������
353,�򹷰�,ؤ����������
354,�򹷰�,ؤ����������
355,�򹷰�,ؤ����������
356,�򹷰�,ؤ����������
357,�򹷰�,ؤ����������
358,�򹷰�,ؤ����������
359,�򹷰�,ؤ����������
360,�򹷰�,ؤ����������
361,�򹷰�,ؤ����������
362,�򹷰�,ؤ����������
363,�򹷰�,ؤ����������
364,�򹷰�,ؤ����������
365,�򹷰�,ؤ����������
366,�򹷰�,ؤ����������
367,�򹷰�,ؤ����������
368,�򹷰�,ؤ����������
369,�򹷰�,ؤ����������
370,�򹷰�,ؤ����������
371,�򹷰�,ؤ����������
372,�򹷰�,ؤ����������
373,�򹷰�,ؤ����������
374,�򹷰�,ؤ����������
375,�򹷰�,ؤ����������
376,�򹷰�,ؤ����������
377,�򹷰�,ؤ����������
378,�򹷰�,ؤ����������
379,�򹷰�,ؤ����������
380,�򹷰�,ؤ����������
381,�򹷰�,ؤ����������
382,�򹷰�,ؤ����������
383,�򹷰�,ؤ����������
384,�򹷰�,ؤ����������
385,�򹷰�,ؤ����������
386,�򹷰�,ؤ����������
387,�򹷰�,ؤ����������
388,�򹷰�,ؤ����������
389,�򹷰�,ؤ����������
390,�򹷰�,ؤ����������
391,�򹷰�,ؤ����������
392,�򹷰�,ؤ����������
393,�򹷰�,ؤ����������
394,�򹷰�,ؤ����������
395,�򹷰�,ؤ����������
396,�򹷰�,ؤ����������
397,�򹷰�,ؤ����������
398,�򹷰�,ؤ����������
399,�򹷰�,ؤ����������
400,�򹷰�,ؤ����������
401,�򹷰�,ؤ����������
402,�򹷰�,ؤ����������
403,�򹷰�,ؤ����������
404,�򹷰�,ؤ����������
405,�򹷰�,ؤ����������
406,�򹷰�,ؤ����������
407,�򹷰�,ؤ����������
408,�򹷰�,ؤ����������
409,�򹷰�,ؤ����������
410,�򹷰�,ؤ����������
411,�򹷰�,ؤ����������
412,�򹷰�,ؤ����������
413,�򹷰�,ؤ����������
414,�򹷰�,ؤ����������
415,�򹷰�,ؤ����������
416,�򹷰�,ؤ����������
417,�򹷰�,ؤ����������
418,�򹷰�,ؤ����������
419,�򹷰�,ؤ����������
420,�򹷰�,ؤ����������
421,�򹷰�,ؤ����������
422,�򹷰�,ؤ����������
423,�򹷰�,ؤ����������
424,�򹷰�,ؤ����������
425,�򹷰�,ؤ����������
426,�򹷰�,ؤ����������
427,�򹷰�,ؤ����������
428,�򹷰�,ؤ����������
429,�򹷰�,ؤ����������
430,�򹷰�,ؤ����������
431,�򹷰�,ؤ����������
432,�򹷰�,ؤ����������
433,�򹷰�,ؤ����������
434,�򹷰�,ؤ����������
435,�򹷰�,ؤ����������
436,�򹷰�,ؤ����������
437,�򹷰�,ؤ����������
438,�򹷰�,ؤ����������
439,�򹷰�,ؤ����������
440,�򹷰�,ؤ����������
441,�򹷰�,ؤ����������
442,�򹷰�,ؤ����������
443,�򹷰�,ؤ����������
444,�򹷰�,ؤ����������
445,�򹷰�,ؤ����������
446,�򹷰�,ؤ����������
447,�򹷰�,ؤ����������
448,�򹷰�,ؤ����������
449,�򹷰�,ؤ����������
450,�򹷰�,ؤ����������
451,�򹷰�,ؤ����������
452,�򹷰�,ؤ����������
453,�򹷰�,ؤ����������
454,�򹷰�,ؤ����������
455,�򹷰�,ؤ����������
456,�򹷰�,ؤ����������
457,�򹷰�,ؤ����������
458,�򹷰�,ؤ����������
459,�򹷰�,ؤ����������
460,�򹷰�,ؤ����������
461,�򹷰�,ؤ����������
462,�򹷰�,ؤ����������
463,�򹷰�,ؤ����������
464,�򹷰�,ؤ����������
465,�򹷰�,ؤ����������
466,�򹷰�,ؤ����������
467,�򹷰�,ؤ����������
468,�򹷰�,ؤ����������
469,�򹷰�,ؤ����������
470,�򹷰�,ؤ����������
471,�򹷰�,ؤ����������
472,�򹷰�,ؤ����������
473,�򹷰�,ؤ����������
474,�򹷰�,ؤ����������
475,�򹷰�,ؤ����������
476,�򹷰�,ؤ����������
477,�򹷰�,ؤ����������
478,�򹷰�,ؤ����������
479,�򹷰�,ؤ����������
480,�򹷰�,ؤ����������
481,�򹷰�,ؤ����������
482,�򹷰�,ؤ����������
483,�򹷰�,ؤ����������
484,�򹷰�,ؤ����������
485,�򹷰�,ؤ����������
486,�򹷰�,ؤ����������
487,�򹷰�,ؤ����������
488,�򹷰�,ؤ����������
489,�򹷰�,ؤ����������
490,�򹷰�,ؤ����������
491,�򹷰�,ؤ����������
492,�򹷰�,ؤ����������
493,�򹷰�,ؤ����������
494,�򹷰�,ؤ����������
495,�򹷰�,ؤ����������
496,�򹷰�,ؤ����������
497,�򹷰�,ؤ����������
498,�򹷰�,ؤ����������
499,�򹷰�,ؤ����������
500,�򹷰�,ؤ����������
501,�򹷰�,ؤ����������
502,�򹷰�,ؤ����������
503,�򹷰�,ؤ����������
504,�򹷰�,ؤ����������
505,�򹷰�,ؤ����������
506,�򹷰�,ؤ����������
507,�򹷰�,ؤ����������
508,�򹷰�,ؤ����������
509,�򹷰�,ؤ����������
510,�򹷰�,ؤ����������
511,�򹷰�,ؤ����������
512,�򹷰�,ؤ����������
513,�򹷰�,ؤ����������
514,�򹷰�,ؤ����������
515,�򹷰�,ؤ����������
516,�򹷰�,ؤ����������
517,�򹷰�,ؤ����������
518,�򹷰�,ؤ����������
519,�򹷰�,ؤ����������
520,�򹷰�,ؤ����������
521,�򹷰�,ؤ����������
522,�򹷰�,ؤ����������
523,�򹷰�,ؤ����������
524,�򹷰�,ؤ����������
525,�򹷰�,ؤ����������
526,�򹷰�,ؤ����������
527,�򹷰�,ؤ����������
528,�򹷰�,ؤ����������
529,�򹷰�,ؤ����������
530,�򹷰�,ؤ����������
531,�򹷰�,ؤ����������
532,�򹷰�,ؤ����������
533,�򹷰�,ؤ����������
534,�򹷰�,ؤ����������
535,�򹷰�,ؤ����������
536,�򹷰�,ؤ����������
537,�򹷰�,ؤ����������
538,�򹷰�,ؤ����������
539,�򹷰�,ؤ����������
540,�򹷰�,ؤ����������
541,�򹷰�,ؤ����������
542,�򹷰�,ؤ����������
543,�򹷰�,ؤ����������
544,�򹷰�,ؤ����������
545,�򹷰�,ؤ����������
546,�򹷰�,ؤ����������
547,�򹷰�,ؤ����������
548,�򹷰�,ؤ����������
549,�򹷰�,ؤ����������
550,�򹷰�,ؤ����������
551,�򹷰�,ؤ����������
552,�򹷰�,ؤ����������
553,�򹷰�,ؤ����������
554,�򹷰�,ؤ����������
555,�򹷰�,ؤ����������
556,�򹷰�,ؤ����������
557,�򹷰�,ؤ����������
558,�򹷰�,ؤ����������
559,�򹷰�,ؤ����������
560,�򹷰�,ؤ����������
561,�򹷰�,ؤ����������
562,�򹷰�,ؤ����������
563,�򹷰�,ؤ����������
564,�򹷰�,ؤ����������
565,�򹷰�,ؤ����������
566,�򹷰�,ؤ����������
567,�򹷰�,ؤ����������
568,�򹷰�,ؤ����������
569,�򹷰�,ؤ����������
570,�򹷰�,ؤ����������
571,�򹷰�,ؤ����������
572,�򹷰�,ؤ����������
573,�򹷰�,ؤ����������
574,�򹷰�,ؤ����������
575,�򹷰�,ؤ����������
576,�򹷰�,ؤ����������
577,�򹷰�,ؤ����������
578,�򹷰�,ؤ����������
579,�򹷰�,ؤ����������
580,�򹷰�,ؤ����������
581,�򹷰�,ؤ����������
582,�򹷰�,ؤ����������
583,�򹷰�,ؤ����������
584,�򹷰�,ؤ����������
585,�򹷰�,ؤ����������
586,�򹷰�,ؤ����������
587,�򹷰�,ؤ����������
588,�򹷰�,ؤ����������
589,�򹷰�,ؤ����������
590,�򹷰�,ؤ����������
591,�򹷰�,ؤ����������
592,�򹷰�,ؤ����������
593,�򹷰�,ؤ����������
594,�򹷰�,ؤ����������
595,�򹷰�,ؤ����������
596,�򹷰�,ؤ����������
597,�򹷰�,ؤ����������
598,�򹷰�,ؤ����������
599,�򹷰�,ؤ����������
600,�򹷰�,ؤ����������
601,�򹷰�,ؤ����������
602,�򹷰�,ؤ����������
603,�򹷰�,ؤ����������
604,�򹷰�,ؤ����������
605,�򹷰�,ؤ����������
606,�򹷰�,ؤ����������
607,�򹷰�,ؤ����������
608,�򹷰�,ؤ����������
609,�򹷰�,ؤ����������
610,�򹷰�,ؤ����������
611,�򹷰�,ؤ����������
612,�򹷰�,ؤ����������
613,�򹷰�,ؤ����������
614,�򹷰�,ؤ����������
615,�򹷰�,ؤ����������
616,�򹷰�,ؤ����������
617,�򹷰�,ؤ����������
618,�򹷰�,ؤ����������
619,�򹷰�,ؤ����������
620,�򹷰�,ؤ����������
621,�򹷰�,ؤ����������
622,�򹷰�,ؤ����������
623,�򹷰�,ؤ����������
624,�򹷰�,ؤ����������
625,�򹷰�,ؤ����������
626,�򹷰�,ؤ����������
627,�򹷰�,ؤ����������
628,�򹷰�,ؤ����������
629,�򹷰�,ؤ����������
630,�򹷰�,ؤ����������
631,�򹷰�,ؤ����������
632,�򹷰�,ؤ����������
633,�򹷰�,ؤ����������
634,�򹷰�,ؤ����������
635,�򹷰�,ؤ����������
636,�򹷰�,ؤ����������
637,�򹷰�,ؤ����������
638,�򹷰�,ؤ����������
639,�򹷰�,ؤ����������
640,�򹷰�,ؤ����������
641,�򹷰�,ؤ����������
642,�򹷰�,ؤ����������
643,�򹷰�,ؤ����������
644,�򹷰�,ؤ����������
645,�򹷰�,ؤ����������
646,�򹷰�,ؤ����������
647,�򹷰�,ؤ����������
648,�򹷰�,ؤ����������
649,�򹷰�,ؤ����������
650,�򹷰�,ؤ����������
651,�򹷰�,ؤ����������
652,�򹷰�,ؤ����������
653,�򹷰�,ؤ����������
654,�򹷰�,ؤ����������
655,�򹷰�,ؤ����������
656,�򹷰�,ؤ����������
657,�򹷰�,ؤ����������
658,�򹷰�,ؤ����������
659,�򹷰�,ؤ����������
660,�򹷰�,ؤ����������
661,�򹷰�,ؤ����������
662,�򹷰�,ؤ����������
663,�򹷰�,ؤ����������
664,�򹷰�,ؤ����������
665,�򹷰�,ؤ����������
666,�򹷰�,ؤ����������
667,�򹷰�,ؤ����������
668,�򹷰�,ؤ����������
669,�򹷰�,ؤ����������
670,�򹷰�,ؤ����������
671,�򹷰�,ؤ����������
672,�򹷰�,ؤ����������
673,�򹷰�,ؤ����������
674,�򹷰�,ؤ����������
675,�򹷰�,ؤ����������
676,�򹷰�,ؤ����������
677,�򹷰�,ؤ����������
678,�򹷰�,ؤ����������
679,�򹷰�,ؤ����������
680,�򹷰�,ؤ����������
681,�򹷰�,ؤ����������
682,�򹷰�,ؤ����������
683,�򹷰�,ؤ����������
684,�򹷰�,ؤ����������
685,�򹷰�,ؤ����������
686,�򹷰�,ؤ����������
687,�򹷰�,ؤ����������
688,�򹷰�,ؤ����������
689,�򹷰�,ؤ����������
690,�򹷰�,ؤ����������
691,�򹷰�,ؤ����������
692,�򹷰�,ؤ����������
693,�򹷰�,ؤ����������
694,�򹷰�,ؤ����������
695,�򹷰�,ؤ����������
696,�򹷰�,ؤ����������
697,�򹷰�,ؤ����������
698,�򹷰�,ؤ����������
699,�򹷰�,ؤ����������
700,�򹷰�,ؤ����������
701,�򹷰�,ؤ����������
702,�򹷰�,ؤ����������
703,�򹷰�,ؤ����������
704,�򹷰�,ؤ����������
705,�򹷰�,ؤ����������
706,�򹷰�,ؤ����������
707,�򹷰�,ؤ����������
708,�򹷰�,ؤ����������
709,�򹷰�,ؤ����������
710,�򹷰�,ؤ����������
711,�򹷰�,ؤ����������
712,�򹷰�,ؤ����������
713,�򹷰�,ؤ����������
714,�򹷰�,ؤ����������
715,�򹷰�,ؤ����������
716,�򹷰�,ؤ����������
717,�򹷰�,ؤ����������
718,�򹷰�,ؤ����������
719,�򹷰�,ؤ����������
720,�򹷰�,ؤ����������
721,�򹷰�,ؤ����������
722,�򹷰�,ؤ����������
723,�򹷰�,ؤ����������
724,�򹷰�,ؤ����������
725,�򹷰�,ؤ����������
726,�򹷰�,ؤ����������
727,�򹷰�,ؤ����������
728,�򹷰�,ؤ����������
729,�򹷰�,ؤ����������
730,�򹷰�,ؤ����������
731,�򹷰�,ؤ����������
732,�򹷰�,ؤ����������
733,�򹷰�,ؤ����������
734,�򹷰�,ؤ����������
735,�򹷰�,ؤ����������
736,�򹷰�,ؤ����������
737,�򹷰�,ؤ����������
738,�򹷰�,ؤ����������
739,�򹷰�,ؤ����������
740,�򹷰�,ؤ����������
741,�򹷰�,ؤ����������
742,�򹷰�,ؤ����������
743,�򹷰�,ؤ����������
744,�򹷰�,ؤ����������
745,�򹷰�,ؤ����������
746,�򹷰�,ؤ����������
747,�򹷰�,ؤ����������
748,�򹷰�,ؤ����������
749,�򹷰�,ؤ����������
750,�򹷰�,ؤ����������
751,�򹷰�,ؤ����������
752,�򹷰�,ؤ����������
753,�򹷰�,ؤ����������
754,�򹷰�,ؤ����������
755,�򹷰�,ؤ����������
756,�򹷰�,ؤ����������
757,�򹷰�,ؤ����������
758,�򹷰�,ؤ����������
759,�򹷰�,ؤ����������
760,�򹷰�,ؤ����������
761,�򹷰�,ؤ����������
762,�򹷰�,ؤ����������
763,�򹷰�,ؤ����������
764,�򹷰�,ؤ����������
765,�򹷰�,ؤ����������
766,�򹷰�,ؤ����������
767,�򹷰�,ؤ����������
768,�򹷰�,ؤ����������
769,�򹷰�,ؤ����������
770,�򹷰�,ؤ����������
771,�򹷰�,ؤ����������
772,�򹷰�,ؤ����������
773,�򹷰�,ؤ����������
774,�򹷰�,ؤ����������
775,�򹷰�,ؤ����������
776,�򹷰�,ؤ����������
777,�򹷰�,ؤ����������
778,�򹷰�,ؤ����������
779,�򹷰�,ؤ����������
780,�򹷰�,ؤ����������
781,�򹷰�,ؤ����������
782,�򹷰�,ؤ����������
783,�򹷰�,ؤ����������
784,�򹷰�,ؤ����������
785,�򹷰�,ؤ����������
786,�򹷰�,ؤ����������
787,�򹷰�,ؤ����������
788,�򹷰�,ؤ����������
789,�򹷰�,ؤ����������
790,�򹷰�,ؤ����������
791,�򹷰�,ؤ����������
792,�򹷰�,ؤ����������
793,�򹷰�,ؤ����������
794,�򹷰�,ؤ����������
795,�򹷰�,ؤ����������
796,�򹷰�,ؤ����������
797,�򹷰�,ؤ����������
798,�򹷰�,ؤ����������
799,�򹷰�,ؤ����������
800,�򹷰�,ؤ����������
801,�򹷰�,ؤ����������
802,�򹷰�,ؤ����������
803,�򹷰�,ؤ����������
804,�򹷰�,ؤ����������
805,�򹷰�,ؤ����������
806,�򹷰�,ؤ����������
807,�򹷰�,ؤ����������
808,�򹷰�,ؤ����������
809,�򹷰�,ؤ����������
810,�򹷰�,ؤ����������
811,�򹷰�,ؤ����������
812,�򹷰�,ؤ����������
813,�򹷰�,ؤ����������
814,�򹷰�,ؤ����������
815,�򹷰�,ؤ����������
816,�򹷰�,ؤ����������
817,�򹷰�,ؤ����������
818,�򹷰�,ؤ����������
819,�򹷰�,ؤ����������
820,�򹷰�,ؤ����������
821,�򹷰�,ؤ����������
822,�򹷰�,ؤ����������
823,�򹷰�,ؤ����������
824,�򹷰�,ؤ����������
825,�򹷰�,ؤ����������
826,�򹷰�,ؤ����������
827,�򹷰�,ؤ����������
828,�򹷰�,ؤ����������
829,�򹷰�,ؤ����������
830,�򹷰�,ؤ����������
831,�򹷰�,ؤ����������
832,�򹷰�,ؤ����������
833,�򹷰�,ؤ����������
834,�򹷰�,ؤ����������
835,�򹷰�,ؤ����������
836,�򹷰�,ؤ����������
837,�򹷰�,ؤ����������
838,�򹷰�,ؤ����������
839,�򹷰�,ؤ����������
840,�򹷰�,ؤ����������
841,�򹷰�,ؤ����������
842,�򹷰�,ؤ����������
843,�򹷰�,ؤ����������
844,�򹷰�,ؤ����������
845,�򹷰�,ؤ����������
846,�򹷰�,ؤ����������
847,�򹷰�,ؤ����������
848,�򹷰�,ؤ����������
849,�򹷰�,ؤ����������
850,�򹷰�,ؤ����������
851,�򹷰�,ؤ����������
852,�򹷰�,ؤ����������
853,�򹷰�,ؤ����������
854,�򹷰�,ؤ����������
855,�򹷰�,ؤ����������
856,�򹷰�,ؤ����������
857,�򹷰�,ؤ����������
858,�򹷰�,ؤ����������
859,�򹷰�,ؤ����������
860,�򹷰�,ؤ����������
861,�򹷰�,ؤ����������
862,�򹷰�,ؤ����������
863,�򹷰�,ؤ����������
864,�򹷰�,ؤ����������
865,�򹷰�,ؤ����������
866,�򹷰�,ؤ����������
867,�򹷰�,ؤ����������
868,�򹷰�,ؤ����������
869,�򹷰�,ؤ����������
870,�򹷰�,ؤ����������
871,�򹷰�,ؤ����������
872,�򹷰�,ؤ����������
873,�򹷰�,ؤ����������
874,�򹷰�,ؤ����������
875,�򹷰�,ؤ����������
876,�򹷰�,ؤ����������
877,�򹷰�,ؤ����������
878,�򹷰�,ؤ����������
879,�򹷰�,ؤ����������
880,�򹷰�,ؤ����������
881,�򹷰�,ؤ����������
882,�򹷰�,ؤ����������
883,�򹷰�,ؤ����������
884,�򹷰�,ؤ����������
885,�򹷰�,ؤ����������
886,�򹷰�,ؤ����������
887,�򹷰�,ؤ����������
888,�򹷰�,ؤ����������
889,�򹷰�,ؤ����������
890,�򹷰�,ؤ����������
891,�򹷰�,ؤ����������
892,�򹷰�,ؤ����������
893,�򹷰�,ؤ����������
894,�򹷰�,ؤ����������
895,�򹷰�,ؤ����������
896,�򹷰�,ؤ����������
897,�򹷰�,ؤ����������
898,�򹷰�,ؤ����������
899,�򹷰�,ؤ����������
900,�򹷰�,ؤ����������
901,�򹷰�,ؤ����������
902,�򹷰�,ؤ����������
903,�򹷰�,ؤ����������
904,�򹷰�,ؤ����������
905,�򹷰�,ؤ����������
906,�򹷰�,ؤ����������
907,�򹷰�,ؤ����������
908,�򹷰�,ؤ����������
909,�򹷰�,ؤ����������
910,�򹷰�,ؤ����������
911,�򹷰�,ؤ����������
912,�򹷰�,ؤ����������
913,�򹷰�,ؤ����������
914,�򹷰�,ؤ����������
915,�򹷰�,ؤ����������
916,�򹷰�,ؤ����������
917,�򹷰�,ؤ����������
918,�򹷰�,ؤ����������
919,�򹷰�,ؤ����������
920,�򹷰�,ؤ����������
921,�򹷰�,ؤ����������
922,�򹷰�,ؤ����������
923,�򹷰�,ؤ����������
924,�򹷰�,ؤ����������
925,�򹷰�,ؤ����������
926,�򹷰�,ؤ����������
927,�򹷰�,ؤ����������
928,�򹷰�,ؤ����������
929,�򹷰�,ؤ����������
930,�򹷰�,ؤ����������
931,�򹷰�,ؤ����������
932,�򹷰�,ؤ����������
933,�򹷰�,ؤ����������
934,�򹷰�,ؤ����������
935,�򹷰�,ؤ����������
936,�򹷰�,ؤ����������
937,�򹷰�,ؤ����������
938,�򹷰�,ؤ����������
939,�򹷰�,ؤ����������
940,�򹷰�,ؤ����������
941,�򹷰�,ؤ����������
942,�򹷰�,ؤ����������
943,�򹷰�,ؤ����������
944,�򹷰�,ؤ����������
945,�򹷰�,ؤ����������
946,�򹷰�,ؤ����������
947,�򹷰�,ؤ����������
948,�򹷰�,ؤ����������
949,�򹷰�,ؤ����������
950,�򹷰�,ؤ����������
951,�򹷰�,ؤ����������
952,�򹷰�,ؤ����������
953,�򹷰�,ؤ����������
954,�򹷰�,ؤ����������
955,�򹷰�,ؤ����������
956,�򹷰�,ؤ����������
957,�򹷰�,ؤ����������
958,�򹷰�,ؤ����������
959,�򹷰�,ؤ����������
960,�򹷰�,ؤ����������
961,�򹷰�,ؤ����������
962,�򹷰�,ؤ����������
963,�򹷰�,ؤ����������
964,�򹷰�,ؤ����������
965,�򹷰�,ؤ����������
966,�򹷰�,ؤ����������
967,�򹷰�,ؤ����������
968,�򹷰�,ؤ����������
969,�򹷰�,ؤ����������
970,�򹷰�,ؤ����������
971,�򹷰�,ؤ����������
972,�򹷰�,ؤ����������
973,�򹷰�,ؤ����������
974,�򹷰�,ؤ����������
975,�򹷰�,ؤ����������
976,�򹷰�,ؤ����������
977,�򹷰�,ؤ����������
978,�򹷰�,ؤ����������
979,�򹷰�,ؤ����������
980,�򹷰�,ؤ����������
981,�򹷰�,ؤ����������
982,�򹷰�,ؤ����������
983,�򹷰�,ؤ����������
984,�򹷰�,ؤ����������
985,�򹷰�,ؤ����������
986,�򹷰�,ؤ����������
987,�򹷰�,ؤ����������
988,�򹷰�,ؤ����������
989,�򹷰�,ؤ����������
990,�򹷰�,ؤ����������
991,�򹷰�,ؤ����������
992,�򹷰�,ؤ����������
993,�򹷰�,ؤ����������
994,�򹷰�,ؤ����������
995,�򹷰�,ؤ����������
996,�򹷰�,ؤ����������
997,�򹷰�,ؤ����������
998,�򹷰�,ؤ����������
999,�򹷰�,ؤ����������
1000,�򹷰�,ؤ����������
1001,�򹷰�,ؤ����������
1002,�򹷰�,ؤ����������
1003,�򹷰�,ؤ����������
1004,�򹷰�,ؤ����������
1005,�򹷰�,ؤ����������
1006,�򹷰�,ؤ����������
1007,�򹷰�,ؤ����������
1008,�򹷰�,ؤ����������
1009,�򹷰�,ؤ����������
1010,�򹷰�,ؤ����������
1011,�򹷰�,ؤ����������
1012,�򹷰�,ؤ����������
1013,�򹷰�,ؤ����������
1014,�򹷰�,ؤ����������
1015,�򹷰�,ؤ����������
1016,�򹷰�,ؤ����������
1017,�򹷰�,ؤ����������
1018,�򹷰�,ؤ����������
1019,�򹷰�,ؤ����������
1020,�򹷰�,ؤ����������
1021,�򹷰�,ؤ����������
1022,�򹷰�,ؤ����������
1023,�򹷰�,ؤ����������
1024,�򹷰�,ؤ����������
1025,�򹷰�,ؤ����������
1026,�򹷰�,ؤ����������
1027,�򹷰�,ؤ����������
1028,�򹷰�,ؤ����������
1029,�򹷰�,ؤ����������
1030,�򹷰�,ؤ����������
1031,�򹷰�,ؤ����������
1032,�򹷰�,ؤ����������
1033,�򹷰�,ؤ����������
1034,�򹷰�,ؤ����������
1035,�򹷰�,ؤ����������
1036,�򹷰�,ؤ����������
1037,�򹷰�,ؤ����������
1038,�򹷰�,ؤ����������
1039,�򹷰�,ؤ����������
1040,�򹷰�,ؤ����������
1041,�򹷰�,ؤ����������
1042,�򹷰�,ؤ����������
1043,�򹷰�,ؤ����������
1044,�򹷰�,ؤ����������
1045,�򹷰�,ؤ����������
1046,�򹷰�,ؤ����������
1047,�򹷰�,ؤ����������
1048,�򹷰�,ؤ����������
1049,�򹷰�,ؤ����������
1050,�򹷰�,ؤ����������
1051,�򹷰�,ؤ����������
1052,�򹷰�,ؤ����������
1053,�򹷰�,ؤ����������
1054,�򹷰�,ؤ����������
1055,�򹷰�,ؤ����������
1056,�򹷰�,ؤ����������
1057,�򹷰�,ؤ����������
1058,�򹷰�,ؤ����������
1059,�򹷰�,ؤ����������
1060,�򹷰�,ؤ����������
1061,�򹷰�,ؤ����������
1062,�򹷰�,ؤ����������
1063,�򹷰�,ؤ����������
1064,�򹷰�,ؤ����������
1065,�򹷰�,ؤ����������
1066,�򹷰�,ؤ����������
1067,�򹷰�,ؤ����������
1068,�򹷰�,ؤ����������
1069,�򹷰�,ؤ����������
1070,�򹷰�,ؤ����������
1071,�򹷰�,ؤ����������
1072,�򹷰�,ؤ����������
1073,�򹷰�,ؤ����������
1074,�򹷰�,ؤ����������
1075,�򹷰�,ؤ����������
1076,�򹷰�,ؤ����������
1077,�򹷰�,ؤ����������
1078,�򹷰�,ؤ����������
1079,�򹷰�,ؤ����������
1080,�򹷰�,ؤ����������
1081,�򹷰�,ؤ����������
1082,�򹷰�,ؤ����������
1083,�򹷰�,ؤ����������
1084,�򹷰�,ؤ����������
1085,�򹷰�,ؤ����������
1086,�򹷰�,ؤ����������
1087,�򹷰�,ؤ����������
1088,�򹷰�,ؤ����������
1089,�򹷰�,ؤ����������
1090,�򹷰�,ؤ����������
1091,�򹷰�,ؤ����������
1092,�򹷰�,ؤ����������
1093,�򹷰�,ؤ����������
1094,�򹷰�,ؤ����������
1095,�򹷰�,ؤ����������
1096,�򹷰�,ؤ����������
1097,�򹷰�,ؤ����������
1098,�򹷰�,ؤ����������
1099,�򹷰�,ؤ����������
1100,�򹷰�,ؤ����������
1101,�򹷰�,ؤ����������
1102,�򹷰�,ؤ����������
1103,�򹷰�,ؤ����������
1104,�򹷰�,ؤ����������
1105,�򹷰�,ؤ����������
1106,�򹷰�,ؤ����������
1107,�򹷰�,ؤ����������
1108,�򹷰�,ؤ����������
1109,�򹷰�,ؤ����������
1110,�򹷰�,ؤ����������
1111,�򹷰�,ؤ����������
1112,�򹷰�,ؤ����������
1113,�򹷰�,ؤ����������
1114,�򹷰�,ؤ����������
1115,�򹷰�,ؤ����������
1116,�򹷰�,ؤ����������
1117,�򹷰�,ؤ����������
1118,�򹷰�,ؤ����������
1119,�򹷰�,ؤ����������
1120,�򹷰�,ؤ����������
1121,�򹷰�,ؤ����������
1122,�򹷰�,ؤ����������
1123,�򹷰�,ؤ����������
1124,�򹷰�,ؤ����������
1125,�򹷰�,ؤ����������
1126,�򹷰�,ؤ����������
1127,�򹷰�,ؤ����������
1128,�򹷰�,ؤ����������
1129,�򹷰�,ؤ����������
1130,�򹷰�,ؤ����������
1131,�򹷰�,ؤ����������
1132,�򹷰�,ؤ����������
1133,�򹷰�,ؤ����������
1134,�򹷰�,ؤ����������
1135,�򹷰�,ؤ����������
1136,�򹷰�,ؤ����������
1137,�򹷰�,ؤ����������
1138,�򹷰�,ؤ����������
1139,�򹷰�,ؤ����������
1140,�򹷰�,ؤ����������
1141,�򹷰�,ؤ����������
1142,�򹷰�,ؤ����������
1143,�򹷰�,ؤ����������
1144,�򹷰�,ؤ����������
1145,�򹷰�,ؤ����������
1146,�򹷰�,ؤ����������
1147,�򹷰�,ؤ����������
1148,�򹷰�,ؤ����������
1149,�򹷰�,ؤ����������
1150,�򹷰�,ؤ����������
1151,�򹷰�,ؤ����������
1152,�򹷰�,ؤ����������
1153,�򹷰�,ؤ����������
1154,�򹷰�,ؤ����������
1155,�򹷰�,ؤ����������
1156,�򹷰�,ؤ����������
1157,�򹷰�,ؤ����������
1158,�򹷰�,ؤ����������
1159,�򹷰�,ؤ����������
1160,�򹷰�,ؤ����������
1161,�򹷰�,ؤ����������
1162,�򹷰�,ؤ����������
1163,�򹷰�,ؤ����������
1164,�򹷰�,ؤ����������
1165,�򹷰�,ؤ����������
1166,�򹷰�,ؤ����������
1167,�򹷰�,ؤ����������
1168,�򹷰�,ؤ����������
1169,�򹷰�,ؤ����������
1170,�򹷰�,ؤ����������
1171,�򹷰�,ؤ����������
1172,�򹷰�,ؤ����������
1173,�򹷰�,ؤ����������
1174,�򹷰�,ؤ����������
1175,�򹷰�,ؤ����������
1176,�򹷰�,ؤ����������
1177,�򹷰�,ؤ����������
1178,�򹷰�,ؤ����������
1179,�򹷰�,ؤ����������
1180,�򹷰�,ؤ����������
1181,�򹷰�,ؤ����������
1182,�򹷰�,ؤ����������
1183,�򹷰�,ؤ����������
1184,�򹷰�,ؤ����������
1185,�򹷰�,ؤ����������
1186,�򹷰�,ؤ����������
1187,�򹷰�,ؤ����������
1188,�򹷰�,ؤ����������
1189,�򹷰�,ؤ����������
1190,�򹷰�,ؤ����������
1191,�򹷰�,ؤ����������
1192,�򹷰�,ؤ����������
1193,�򹷰�,ؤ����������
1194,�򹷰�,ؤ����������
1195,�򹷰�,ؤ����������
1196,�򹷰�,ؤ����������
1197,�򹷰�,ؤ����������
1198,�򹷰�,ؤ����������
1199,�򹷰�,ؤ����������
1200,�򹷰�,ؤ����������
1201,�򹷰�,ؤ����������
1202,�򹷰�,ؤ����������
1203,�򹷰�,ؤ����������
1204,�򹷰�,ؤ����������
1205,�򹷰�,ؤ����������
1206,�򹷰�,ؤ����������
1207,�򹷰�,ؤ����������
1208,�򹷰�,ؤ����������
1209,�򹷰�,ؤ����������
1210,�򹷰�,ؤ����������
1211,�򹷰�,ؤ����������
1212,�򹷰�,ؤ����������
1213,�򹷰�,ؤ����������
1214,�򹷰�,ؤ����������
1215,�򹷰�,ؤ����������
1216,�򹷰�,ؤ����������
1217,�򹷰�,ؤ����������
1218,�򹷰�,ؤ����������
1219,�򹷰�,ؤ����������
1220,�򹷰�,ؤ����������
1221,�򹷰�,ؤ����������
1222,�򹷰�,ؤ����������
1223,�򹷰�,ؤ����������
1224,�򹷰�,ؤ����������
1225,�򹷰�,ؤ����������
1226,�򹷰�,ؤ����������
1227,�򹷰�,ؤ����������
1228,�򹷰�,ؤ����������
1229,�򹷰�,ؤ����������
1230,�򹷰�,ؤ����������
1231,�򹷰�,ؤ����������
1232,�򹷰�,ؤ����������
1233,�򹷰�,ؤ����������
1234,�򹷰�,ؤ����������
1235,�򹷰�,ؤ����������
1236,�򹷰�,ؤ����������
1237,�򹷰�,ؤ����������
1238,�򹷰�,ؤ����������
1239,�򹷰�,ؤ����������
1240,�򹷰�,ؤ����������
1241,�򹷰�,ؤ����������
1242,�򹷰�,ؤ����������
1243,�򹷰�,ؤ����������
1244,�򹷰�,ؤ����������
1245,�򹷰�,ؤ����������
1246,�򹷰�,ؤ����������
1247,�򹷰�,ؤ����������
1248,�򹷰�,ؤ����������
1249,�򹷰�,ؤ����������
1250,�򹷰�,ؤ����������
1251,�򹷰�,ؤ����������
1252,�򹷰�,ؤ����������
1253,�򹷰�,ؤ����������
1254,�򹷰�,ؤ����������
1255,�򹷰�,ؤ����������
1256,�򹷰�,ؤ����������
1257,�򹷰�,ؤ����������
1258,�򹷰�,ؤ����������
1259,�򹷰�,ؤ����������
1260,�򹷰�,ؤ����������
1261,�򹷰�,ؤ����������
1262,�򹷰�,ؤ����������
1263,�򹷰�,ؤ����������
1264,�򹷰�,ؤ����������
1265,�򹷰�,ؤ����������
1266,�򹷰�,ؤ����������
1267,�򹷰�,ؤ����������
1268,�򹷰�,ؤ����������
1269,�򹷰�,ؤ����������
1270,�򹷰�,ؤ����������
1271,�򹷰�,ؤ����������
1272,�򹷰�,ؤ����������
1273,�򹷰�,ؤ����������
1274,�򹷰�,ؤ����������
1275,�򹷰�,ؤ����������
1276,�򹷰�,ؤ����������
1277,�򹷰�,ؤ����������
1278,�򹷰�,ؤ����������
1279,�򹷰�,ؤ����������
1280,�򹷰�,ؤ����������
1281,�򹷰�,ؤ����������
1282,�򹷰�,ؤ����������
1283,�򹷰�,ؤ����������
1284,�򹷰�,ؤ����������
1285,�򹷰�,ؤ����������
1286,�򹷰�,ؤ����������
1287,�򹷰�,ؤ����������
1288,�򹷰�,ؤ����������
1289,�򹷰�,ؤ����������
1290,�򹷰�,ؤ����������
1291,�򹷰�,ؤ����������
1292,�򹷰�,ؤ����������
1293,�򹷰�,ؤ����������
1294,�򹷰�,ؤ����������
1295,�򹷰�,ؤ����������
1296,�򹷰�,ؤ����������
1297,�򹷰�,ؤ����������
1298,�򹷰�,ؤ����������
1299,�򹷰�,ؤ����������
1300,�򹷰�,ؤ����������
1301,�򹷰�,ؤ����������
1302,�򹷰�,ؤ����������
1303,�򹷰�,ؤ����������
1304,�򹷰�,ؤ����������
1305,�򹷰�,ؤ����������
1306,�򹷰�,ؤ����������
1307,�򹷰�,ؤ����������
1308,�򹷰�,ؤ����������
1309,�򹷰�,ؤ����������
1310,�򹷰�,ؤ����������
1311,�򹷰�,ؤ����������
1312,�򹷰�,ؤ����������
1313,�򹷰�,ؤ����������
1314,�򹷰�,ؤ����������
1315,�򹷰�,ؤ����������
1316,�򹷰�,ؤ����������
1317,�򹷰�,ؤ����������
1318,�򹷰�,ؤ����������
1319,�򹷰�,ؤ����������
1320,�򹷰�,ؤ����������
1321,�򹷰�,ؤ����������
1322,�򹷰�,ؤ����������
1323,�򹷰�,ؤ����������
1324,�򹷰�,ؤ����������
1325,�򹷰�,ؤ����������
1326,�򹷰�,ؤ����������
1327,�򹷰�,ؤ����������
1328,�򹷰�,ؤ����������
1329,�򹷰�,ؤ����������
1330,�򹷰�,ؤ����������
1331,�򹷰�,ؤ����������
1332,�򹷰�,ؤ����������
1333,�򹷰�,ؤ����������
1334,�򹷰�,ؤ����������
1335,�򹷰�,ؤ����������
1336,�򹷰�,ؤ����������
1337,�򹷰�,ؤ����������
1338,�򹷰�,ؤ����������
1339,�򹷰�,ؤ����������
1340,�򹷰�,ؤ����������
1341,�򹷰�,ؤ����������
1342,�򹷰�,ؤ����������
1343,�򹷰�,ؤ����������
1344,�򹷰�,ؤ����������
1345,�򹷰�,ؤ����������
1346,�򹷰�,ؤ����������
1347,�򹷰�,ؤ����������
1348,�򹷰�,ؤ����������
1349,�򹷰�,ؤ����������
1350,�򹷰�,ؤ����������
1351,�򹷰�,ؤ����������
1352,�򹷰�,ؤ����������
1353,�򹷰�,ؤ����������
1354,�򹷰�,ؤ����������
1355,�򹷰�,ؤ����������
1356,�򹷰�,ؤ����������
1357,�򹷰�,ؤ����������
1358,�򹷰�,ؤ����������
1359,�򹷰�,ؤ����������
1360,�򹷰�,ؤ����������
1361,�򹷰�,ؤ����������
1362,�򹷰�,ؤ����������
1363,�򹷰�,ؤ����������
1364,�򹷰�,ؤ����������
1365,�򹷰�,ؤ����������
1366,�򹷰�,ؤ����������
1367,�򹷰�,ؤ����������
1368,�򹷰�,ؤ����������
1369,�򹷰�,ؤ����������
1370,�򹷰�,ؤ����������
1371,�򹷰�,ؤ����������
1372,�򹷰�,ؤ����������
1373,�򹷰�,ؤ����������
1374,�򹷰�,ؤ����������
1375,�򹷰�,ؤ����������
1376,�򹷰�,ؤ����������
1377,�򹷰�,ؤ����������
1378,�򹷰�,ؤ����������
1379,�򹷰�,ؤ����������
1380,�򹷰�,ؤ����������
1381,�򹷰�,ؤ����������
1382,�򹷰�,ؤ����������
1383,�򹷰�,ؤ����������
1384,�򹷰�,ؤ����������
1385,�򹷰�,ؤ����������
1386,�򹷰�,ؤ����������
1387,�򹷰�,ؤ����������
1388,�򹷰�,ؤ����������
1389,�򹷰�,ؤ����������
1390,�򹷰�,ؤ����������
1391,�򹷰�,ؤ����������
1392,�򹷰�,ؤ����������
1393,�򹷰�,ؤ����������
1394,�򹷰�,ؤ����������
1395,�򹷰�,ؤ����������
1396,�򹷰�,ؤ����������
1397,�򹷰�,ؤ����������
1398,�򹷰�,ؤ����������
1399,�򹷰�,ؤ����������
1400,�򹷰�,ؤ����������
1401,�򹷰�,ؤ����������
1402,�򹷰�,ؤ����������
1403,�򹷰�,ؤ����������
1404,�򹷰�,ؤ����������
1405,�򹷰�,ؤ����������
1406,�򹷰�,ؤ����������
1407,�򹷰�,ؤ����������
1408,�򹷰�,ؤ����������
1409,�򹷰�,ؤ����������
1410,�򹷰�,ؤ����������
1411,�򹷰�,ؤ����������
1412,�򹷰�,ؤ����������
1413,�򹷰�,ؤ����������
1414,�򹷰�,ؤ����������
1415,�򹷰�,ؤ����������
1416,�򹷰�,ؤ����������
1417,�򹷰�,ؤ����������
1418,�򹷰�,ؤ����������
1419,�򹷰�,ؤ����������
1420,�򹷰�,ؤ����������
1421,�򹷰�,ؤ����������
1422,�򹷰�,ؤ����������
1423,�򹷰�,ؤ����������
1424,�򹷰�,ؤ����������
1425,�򹷰�,ؤ����������
1426,�򹷰�,ؤ����������
1427,�򹷰�,ؤ����������
1428,�򹷰�,ؤ����������
1429,�򹷰�,ؤ����������
1430,�򹷰�,ؤ����������
1431,�򹷰�,ؤ����������
1432,�򹷰�,ؤ����������
1433,�򹷰�,ؤ����������
1434,�򹷰�,ؤ����������
1435,�򹷰�,ؤ����������
1436,�򹷰�,ؤ����������
1437,�򹷰�,ؤ����������
1438,�򹷰�,ؤ����������
1439,�򹷰�,ؤ����������
1440,�򹷰�,ؤ����������
1441,�򹷰�,ؤ����������
1442,�򹷰�,ؤ����������
1443,�򹷰�,ؤ����������
1444,�򹷰�,ؤ����������
1445,�򹷰�,ؤ����������
1446,�򹷰�,ؤ����������
1447,�򹷰�,ؤ����������
1448,�򹷰�,ؤ����������
1449,�򹷰�,ؤ����������
1450,�򹷰�,ؤ����������
1451,�򹷰�,ؤ����������
1452,�򹷰�,ؤ����������
1453,�򹷰�,ؤ����������
1454,�򹷰�,ؤ����������
1455,�򹷰�,ؤ����������
1456,�򹷰�,ؤ����������
1457,�򹷰�,ؤ����������
1458,�򹷰�,ؤ����������
1459,�򹷰�,ؤ����������
1460,�򹷰�,ؤ����������
1461,�򹷰�,ؤ����������
1462,�򹷰�,ؤ����������
1463,�򹷰�,ؤ����������
1464,�򹷰�,ؤ����������
1465,�򹷰�,ؤ����������
1466,�򹷰�,ؤ����������
1467,�򹷰�,ؤ����������
1468,�򹷰�,ؤ����������
1469,�򹷰�,ؤ����������
1470,�򹷰�,ؤ����������
1471,�򹷰�,ؤ����������
1472,�򹷰�,ؤ����������
1473,�򹷰�,ؤ����������
1474,�򹷰�,ؤ����������
1475,�򹷰�,ؤ����������
1476,�򹷰�,ؤ����������
1477,�򹷰�,ؤ����������
1478,�򹷰�,ؤ����������
1479,�򹷰�,ؤ����������
1480,�򹷰�,ؤ����������
1481,�򹷰�,ؤ����������
1482,�򹷰�,ؤ����������
1483,�򹷰�,ؤ����������
1484,�򹷰�,ؤ����������
1485,�򹷰�,ؤ����������
1486,�򹷰�,ؤ����������
1487,�򹷰�,ؤ����������
1488,�򹷰�,ؤ����������
1489,�򹷰�,ؤ����������
1490,�򹷰�,ؤ����������
1491,�򹷰�,ؤ����������
1492,�򹷰�,ؤ����������
1493,�򹷰�,ؤ����������
1494,�򹷰�,ؤ����������
1495,�򹷰�,ؤ����������
1496,�򹷰�,ؤ����������
1497,�򹷰�,ؤ����������
1498,�򹷰�,ؤ����������
1499,�򹷰�,ؤ����������
1500,�򹷰�,ؤ����������
1501,�򹷰�,ؤ����������
1502,�򹷰�,ؤ����������
1503,�򹷰�,ؤ����������
1504,�򹷰�,ؤ����������
1505,�򹷰�,ؤ����������
1506,�򹷰�,ؤ����������
1507,�򹷰�,ؤ����������
1508,�򹷰�,ؤ����������
1509,�򹷰�,ؤ����������
1510,�򹷰�,ؤ����������
1511,�򹷰�,ؤ����������
1512,�򹷰�,ؤ����������
1513,�򹷰�,ؤ����������
1514,�򹷰�,ؤ����������
1515,�򹷰�,ؤ����������
1516,�򹷰�,ؤ����������
1517,�򹷰�,ؤ����������
1518,�򹷰�,ؤ����������
1519,�򹷰�,ؤ����������
1520,�򹷰�,ؤ����������
1521,�򹷰�,ؤ����������
1522,�򹷰�,ؤ����������
1523,�򹷰�,ؤ����������
1524,�򹷰�,ؤ����������
1525,�򹷰�,ؤ����������
1526,�򹷰�,ؤ����������
1527,�򹷰�,ؤ����������
1528,�򹷰�,ؤ����������
1529,�򹷰�,ؤ����������
1530,�򹷰�,ؤ����������
1531,�򹷰�,ؤ����������
1532,�򹷰�,ؤ����������
1533,�򹷰�,ؤ����������
1534,�򹷰�,ؤ����������
1535,�򹷰�,ؤ����������
1536,�򹷰�,ؤ����������
1537,�򹷰�,ؤ����������
1538,�򹷰�,ؤ����������
1539,�򹷰�,ؤ����������
1540,�򹷰�,ؤ����������
1541,�򹷰�,ؤ����������
1542,�򹷰�,ؤ����������
1543,�򹷰�,ؤ����������
1544,�򹷰�,ؤ����������
1545,�򹷰�,ؤ����������
1546,�򹷰�,ؤ����������
1547,�򹷰�,ؤ����������
1548,�򹷰�,ؤ����������
1549,�򹷰�,ؤ����������
1550,�򹷰�,ؤ����������
1551,�򹷰�,ؤ����������
1552,�򹷰�,ؤ����������
1553,�򹷰�,ؤ����������
1554,�򹷰�,ؤ����������
1555,�򹷰�,ؤ����������
1556,�򹷰�,ؤ����������
1557,�򹷰�,ؤ����������
1558,�򹷰�,ؤ����������
1559,�򹷰�,ؤ����������
1560,�򹷰�,ؤ����������
1561,�򹷰�,ؤ����������
1562,�򹷰�,ؤ����������
1563,�򹷰�,ؤ����������
1564,�򹷰�,ؤ����������
1565,�򹷰�,ؤ����������
1566,�򹷰�,ؤ����������
1567,�򹷰�,ؤ����������
1568,�򹷰�,ؤ����������
1569,�򹷰�,ؤ����������
1570,�򹷰�,ؤ����������
1571,�򹷰�,ؤ����������
1572,�򹷰�,ؤ����������
1573,�򹷰�,ؤ����������
1574,�򹷰�,ؤ����������
1575,�򹷰�,ؤ����������
1576,�򹷰�,ؤ����������
1577,�򹷰�,ؤ����������
1578,�򹷰�,ؤ����������
1579,�򹷰�,ؤ����������
1580,�򹷰�,ؤ����������
1581,�򹷰�,ؤ����������
1582,�򹷰�,ؤ����������
1583,�򹷰�,ؤ����������
1584,�򹷰�,ؤ����������
1585,�򹷰�,ؤ����������
1586,�򹷰�,ؤ����������
1587,�򹷰�,ؤ����������
1588,�򹷰�,ؤ����������
1589,�򹷰�,ؤ����������
1590,�򹷰�,ؤ����������
1591,�򹷰�,ؤ����������
1592,�򹷰�,ؤ����������
1593,�򹷰�,ؤ����������
1594,�򹷰�,ؤ����������
1595,�򹷰�,ؤ����������
1596,�򹷰�,ؤ����������
1597,�򹷰�,ؤ����������
1598,�򹷰�,ؤ����������
1599,�򹷰�,ؤ����������
1600,�򹷰�,ؤ����������
1601,�򹷰�,ؤ����������
1602,�򹷰�,ؤ����������
1603,�򹷰�,ؤ����������
1604,�򹷰�,ؤ����������
1605,�򹷰�,ؤ����������
1606,�򹷰�,ؤ����������
1607,�򹷰�,ؤ����������
1608,�򹷰�,ؤ����������
1609,�򹷰�,ؤ����������
1610,�򹷰�,ؤ����������
1611,�򹷰�,ؤ����������
1612,�򹷰�,ؤ����������
1613,�򹷰�,ؤ����������
1614,�򹷰�,ؤ����������
1615,�򹷰�,ؤ����������
1616,�򹷰�,ؤ����������
1617,�򹷰�,ؤ����������
1618,�򹷰�,ؤ����������
1619,�򹷰�,ؤ����������
1620,�򹷰�,ؤ����������
1621,�򹷰�,ؤ����������
1622,�򹷰�,ؤ����������
1623,�򹷰�,ؤ����������
1624,�򹷰�,ؤ����������
1625,�򹷰�,ؤ����������
1626,�򹷰�,ؤ����������
1627,�򹷰�,ؤ����������
1628,�򹷰�,ؤ����������
1629,�򹷰�,ؤ����������
1630,�򹷰�,ؤ����������
1631,�򹷰�,ؤ����������
1632,�򹷰�,ؤ����������
1633,�򹷰�,ؤ����������
1634,�򹷰�,ؤ����������
1635,�򹷰�,ؤ����������
1636,�򹷰�,ؤ����������
1637,�򹷰�,ؤ����������
1638,�򹷰�,ؤ����������
1639,�򹷰�,ؤ����������
1640,�򹷰�,ؤ����������
1641,�򹷰�,ؤ����������
1642,�򹷰�,ؤ����������
1643,�򹷰�,ؤ����������
1644,�򹷰�,ؤ����������
1645,�򹷰�,ؤ����������
1646,�򹷰�,ؤ����������
1647,�򹷰�,ؤ����������
1648,�򹷰�,ؤ����������
1649,�򹷰�,ؤ����������
1650,�򹷰�,ؤ����������
1651,�򹷰�,ؤ����������
1652,�򹷰�,ؤ����������
1653,�򹷰�,ؤ����������
1654,�򹷰�,ؤ����������
1655,�򹷰�,ؤ����������
1656,�򹷰�,ؤ����������
1657,�򹷰�,ؤ����������
1658,�򹷰�,ؤ����������
1659,�򹷰�,ؤ����������
1660,�򹷰�,ؤ����������
1661,�򹷰�,ؤ����������
1662,�򹷰�,ؤ����������
1663,�򹷰�,ؤ����������
1664,�򹷰�,ؤ����������
1665,�򹷰�,ؤ����������
1666,�򹷰�,ؤ����������
1667,�򹷰�,ؤ����������
1668,�򹷰�,ؤ����������
1669,�򹷰�,ؤ����������
1670,�򹷰�,ؤ����������
1671,�򹷰�,ؤ����������
1672,�򹷰�,ؤ����������
1673,�򹷰�,ؤ����������
1674,�򹷰�,ؤ����������
1675,�򹷰�,ؤ����������
1676,�򹷰�,ؤ����������
1677,�򹷰�,ؤ����������
1678,�򹷰�,ؤ����������
1679,�򹷰�,ؤ����������
1680,�򹷰�,ؤ����������
1681,�򹷰�,ؤ����������
1682,�򹷰�,ؤ����������
1683,�򹷰�,ؤ����������
1684,�򹷰�,ؤ����������
1685,�򹷰�,ؤ����������
1686,�򹷰�,ؤ����������
1687,�򹷰�,ؤ����������
1688,�򹷰�,ؤ����������
1689,�򹷰�,ؤ����������
1690,�򹷰�,ؤ����������
1691,�򹷰�,ؤ����������
1692,�򹷰�,ؤ����������
1693,�򹷰�,ؤ����������
1694,�򹷰�,ؤ����������
1695,�򹷰�,ؤ����������
1696,�򹷰�,ؤ����������
1697,�򹷰�,ؤ����������
1698,�򹷰�,ؤ����������
1699,�򹷰�,ؤ����������
1700,�򹷰�,ؤ����������
1701,�򹷰�,ؤ����������
1702,�򹷰�,ؤ����������
1703,�򹷰�,ؤ����������
1704,�򹷰�,ؤ����������
1705,�򹷰�,ؤ����������
1706,�򹷰�,ؤ����������
1707,�򹷰�,ؤ����������
1708,�򹷰�,ؤ����������
1709,�򹷰�,ؤ����������
1710,�򹷰�,ؤ����������
1711,�򹷰�,ؤ����������
1712,�򹷰�,ؤ����������
1713,�򹷰�,ؤ����������
1714,�򹷰�,ؤ����������
1715,�򹷰�,ؤ����������
1716,�򹷰�,ؤ����������
1717,�򹷰�,ؤ����������
1718,�򹷰�,ؤ����������
1719,�򹷰�,ؤ����������
1720,�򹷰�,ؤ����������
1721,�򹷰�,ؤ����������
1722,�򹷰�,ؤ����������
1723,�򹷰�,ؤ����������
1724,�򹷰�,ؤ����������
1725,�򹷰�,ؤ����������
1726,�򹷰�,ؤ����������
1727,�򹷰�,ؤ����������
1728,�򹷰�,ؤ����������
1729,�򹷰�,ؤ����������
1730,�򹷰�,ؤ����������
1731,�򹷰�,ؤ����������
1732,�򹷰�,ؤ����������
1733,�򹷰�,ؤ����������
1734,�򹷰�,ؤ����������
1735,�򹷰�,ؤ����������
1736,�򹷰�,ؤ����������
1737,�򹷰�,ؤ����������
1738,�򹷰�,ؤ����������
1739,�򹷰�,ؤ����������
1740,�򹷰�,ؤ����������
1741,�򹷰�,ؤ����������
1742,�򹷰�,ؤ����������
1743,�򹷰�,ؤ����������
1744,�򹷰�,ؤ����������
1745,�򹷰�,ؤ����������
1746,�򹷰�,ؤ����������
1747,�򹷰�,ؤ����������
1748,�򹷰�,ؤ����������
1749,�򹷰�,ؤ����������
1750,�򹷰�,ؤ����������
1751,�򹷰�,ؤ����������
1752,�򹷰�,ؤ����������
1753,�򹷰�,ؤ����������
1754,�򹷰�,ؤ����������
1755,�򹷰�,ؤ����������
1756,�򹷰�,ؤ����������
1757,�򹷰�,ؤ����������
1758,�򹷰�,ؤ����������
1759,�򹷰�,ؤ����������
1760,�򹷰�,ؤ����������
1761,�򹷰�,ؤ����������
1762,�򹷰�,ؤ����������
1763,�򹷰�,ؤ����������
1764,�򹷰�,ؤ����������
1765,�򹷰�,ؤ����������
1766,�򹷰�,ؤ����������
1767,�򹷰�,ؤ����������
1768,�򹷰�,ؤ����������
1769,�򹷰�,ؤ����������
1770,�򹷰�,ؤ����������
1771,�򹷰�,ؤ����������
1772,�򹷰�,ؤ����������
1773,�򹷰�,ؤ����������
1774,�򹷰�,ؤ����������
1775,�򹷰�,ؤ����������
1776,�򹷰�,ؤ����������
1777,�򹷰�,ؤ����������
1778,�򹷰�,ؤ����������
1779,�򹷰�,ؤ����������
1780,�򹷰�,ؤ����������
1781,�򹷰�,ؤ����������
1782,�򹷰�,ؤ����������
1783,�򹷰�,ؤ����������
1784,�򹷰�,ؤ����������
1785,�򹷰�,ؤ����������
1786,�򹷰�,ؤ����������
1787,�򹷰�,ؤ����������
1788,�򹷰�,ؤ����������
1789,�򹷰�,ؤ����������
1790,�򹷰�,ؤ����������
1791,�򹷰�,ؤ����������
1792,�򹷰�,ؤ����������
1793,�򹷰�,ؤ����������
1794,�򹷰�,ؤ����������
1795,�򹷰�,ؤ����������
1796,�򹷰�,ؤ����������
1797,�򹷰�,ؤ����������
1798,�򹷰�,ؤ����������
1799,�򹷰�,ؤ����������
1800,�򹷰�,ؤ����������
1801,�򹷰�,ؤ����������
1802,�򹷰�,ؤ����������
1803,�򹷰�,ؤ����������
1804,�򹷰�,ؤ����������
1805,�򹷰�,ؤ����������
1806,�򹷰�,ؤ����������
1807,�򹷰�,ؤ����������
1808,�򹷰�,ؤ����������
1809,�򹷰�,ؤ����������
1810,�򹷰�,ؤ����������
1811,�򹷰�,ؤ����������
1812,�򹷰�,ؤ����������
1813,�򹷰�,ؤ����������
1814,�򹷰�,ؤ����������
1815,�򹷰�,ؤ����������
1816,�򹷰�,ؤ����������
1817,�򹷰�,ؤ����������
1818,�򹷰�,ؤ����������
1819,�򹷰�,ؤ����������
1820,�򹷰�,ؤ����������
1821,�򹷰�,ؤ����������
1822,�򹷰�,ؤ����������
1823,�򹷰�,ؤ����������
1824,�򹷰�,ؤ����������
1825,�򹷰�,ؤ����������
1826,�򹷰�,ؤ����������
1827,�򹷰�,ؤ����������
1828,�򹷰�,ؤ����������
1829,�򹷰�,ؤ����������
1830,�򹷰�,ؤ����������
1831,�򹷰�,ؤ����������
1832,�򹷰�,ؤ����������
1833,�򹷰�,ؤ����������
1834,�򹷰�,ؤ����������
1835,�򹷰�,ؤ����������
1836,�򹷰�,ؤ����������
1837,�򹷰�,ؤ����������
1838,�򹷰�,ؤ����������
1839,�򹷰�,ؤ����������
1840,�򹷰�,ؤ����������
1841,�򹷰�,ؤ����������
1842,�򹷰�,ؤ����������
1843,�򹷰�,ؤ����������
1844,�򹷰�,ؤ����������
1845,�򹷰�,ؤ����������
1846,�򹷰�,ؤ����������
1847,�򹷰�,ؤ����������
1848,�򹷰�,ؤ����������
1849,�򹷰�,ؤ����������
1850,�򹷰�,ؤ����������
1851,�򹷰�,ؤ����������
1852,�򹷰�,ؤ����������
1853,�򹷰�,ؤ����������
1854,�򹷰�,ؤ����������
1855,�򹷰�,ؤ����������
1856,�򹷰�,ؤ����������
1857,�򹷰�,ؤ����������
1858,�򹷰�,ؤ����������
1859,�򹷰�,ؤ����������
1860,�򹷰�,ؤ����������
1861,�򹷰�,ؤ����������
1862,�򹷰�,ؤ����������
1863,�򹷰�,ؤ����������
1864,�򹷰�,ؤ����������
1865,�򹷰�,ؤ����������
1866,�򹷰�,ؤ����������
1867,�򹷰�,ؤ����������
1868,�򹷰�,ؤ����������
1869,�򹷰�,ؤ����������
1870,�򹷰�,ؤ����������
1871,�򹷰�,ؤ����������
1872,�򹷰�,ؤ����������
1873,�򹷰�,ؤ����������
1874,�򹷰�,ؤ����������
1875,�򹷰�,ؤ����������
1876,�򹷰�,ؤ����������
1877,�򹷰�,ؤ����������
1878,�򹷰�,ؤ����������
1879,�򹷰�,ؤ����������
1880,�򹷰�,ؤ����������
1881,�򹷰�,ؤ����������
1882,�򹷰�,ؤ����������
1883,�򹷰�,ؤ����������
1884,�򹷰�,ؤ����������
1885,�򹷰�,ؤ����������
1886,�򹷰�,ؤ����������
1887,�򹷰�,ؤ����������
1888,�򹷰�,ؤ����������
1889,�򹷰�,ؤ����������
1890,�򹷰�,ؤ����������
1891,�򹷰�,ؤ����������
1892,�򹷰�,ؤ����������
1893,�򹷰�,ؤ����������
1894,�򹷰�,ؤ����������
1895,�򹷰�,ؤ����������
1896,�򹷰�,ؤ����������
1897,�򹷰�,ؤ����������
1898,�򹷰�,ؤ����������
1899,�򹷰�,ؤ����������
1900,�򹷰�,ؤ����������
1901,�򹷰�,ؤ����������
1902,�򹷰�,ؤ����������
1903,�򹷰�,ؤ����������
1904,�򹷰�,ؤ����������
1905,�򹷰�,ؤ����������
1906,�򹷰�,ؤ����������
1907,�򹷰�,ؤ����������
1908,�򹷰�,ؤ����������
1909,�򹷰�,ؤ����������
1910,�򹷰�,ؤ����������
1911,�򹷰�,ؤ����������
1912,�򹷰�,ؤ����������
1913,�򹷰�,ؤ����������
1914,�򹷰�,ؤ����������
1915,�򹷰�,ؤ����������
1916,�򹷰�,ؤ����������
1917,�򹷰�,ؤ����������
1918,�򹷰�,ؤ����������
1919,�򹷰�,ؤ����������
1920,�򹷰�,ؤ����������
1921,�򹷰�,ؤ����������
1922,�򹷰�,ؤ����������
1923,�򹷰�,ؤ����������
1924,�򹷰�,ؤ����������
1925,�򹷰�,ؤ����������
1926,�򹷰�,ؤ����������
1927,�򹷰�,ؤ����������
1928,�򹷰�,ؤ����������
1929,�򹷰�,ؤ����������
1930,�򹷰�,ؤ����������
1931,�򹷰�,ؤ����������
1932,�򹷰�,ؤ����������
1933,�򹷰�,ؤ����������
1934,�򹷰�,ؤ����������
1935,�򹷰�,ؤ����������
1936,�򹷰�,ؤ����������
1937,�򹷰�,ؤ����������
1938,�򹷰�,ؤ����������
1939,�򹷰�,ؤ����������
1940,�򹷰�,ؤ����������
1941,�򹷰�,ؤ����������
1942,�򹷰�,ؤ����������
1943,�򹷰�,ؤ����������
1944,�򹷰�,ؤ����������
1945,�򹷰�,ؤ����������
1946,�򹷰�,ؤ����������
1947,�򹷰�,ؤ����������
1948,�򹷰�,ؤ����������
1949,�򹷰�,ؤ����������
1950,�򹷰�,ؤ����������
1951,�򹷰�,ؤ����������
1952,�򹷰�,ؤ����������
1953,�򹷰�,ؤ����������
1954,�򹷰�,ؤ����������
1955,�򹷰�,ؤ����������
1956,�򹷰�,ؤ����������
1957,�򹷰�,ؤ����������
1958,�򹷰�,ؤ����������
1959,�򹷰�,ؤ����������
1960,�򹷰�,ؤ����������
1961,�򹷰�,ؤ����������
1962,�򹷰�,ؤ����������
1963,�򹷰�,ؤ����������
1964,�򹷰�,ؤ����������
1965,�򹷰�,ؤ����������
1966,�򹷰�,ؤ����������
1967,�򹷰�,ؤ����������
1968,�򹷰�,ؤ����������
1969,�򹷰�,ؤ����������
1970,�򹷰�,ؤ����������
1971,�򹷰�,ؤ����������
1972,�򹷰�,ؤ����������
1973,�򹷰�,ؤ����������
1974,�򹷰�,ؤ����������
1975,�򹷰�,ؤ����������
1976,�򹷰�,ؤ����������
1977,�򹷰�,ؤ����������
1978,�򹷰�,ؤ����������
1979,�򹷰�,ؤ����������
1980,�򹷰�,ؤ����������
1981,�򹷰�,ؤ����������
1982,�򹷰�,ؤ����������
1983,�򹷰�,ؤ����������
1984,�򹷰�,ؤ����������
1985,�򹷰�,ؤ����������
1986,�򹷰�,ؤ����������
1987,�򹷰�,ؤ����������
1988,�򹷰�,ؤ����������
1989,�򹷰�,ؤ����������
1990,�򹷰�,ؤ����������
1991,�򹷰�,ؤ����������
1992,�򹷰�,ؤ����������
1993,�򹷰�,ؤ����������
1994,�򹷰�,ؤ����������
1995,�򹷰�,ؤ����������
1996,�򹷰�,ؤ����������
1997,�򹷰�,ؤ����������
1998,�򹷰�,ؤ����������
1999,�򹷰�,ؤ����������
2000,�򹷰�,ؤ����������
2001,�򹷰�,ؤ����������
2002,�򹷰�,ؤ����������
2003,�򹷰�,ؤ����������
2004,�򹷰�,ؤ����������
2005,�򹷰�,ؤ����������
2006,�򹷰�,ؤ����������
2007,�򹷰�,ؤ����������
2008,�򹷰�,ؤ����������
2009,�򹷰�,ؤ����������
2010,�򹷰�,ؤ����������
2011,�򹷰�,ؤ����������
2012,�򹷰�,ؤ����������
2013,�򹷰�,ؤ����������
2014,�򹷰�,ؤ����������
2015,�򹷰�,ؤ����������
2016,�򹷰�,ؤ����������
2017,�򹷰�,ؤ����������
2018,�򹷰�,ؤ����������
2019,�򹷰�,ؤ����������
2020,�򹷰�,ؤ����������
2021,�򹷰�,ؤ����������
2022,�򹷰�,ؤ����������
2023,�򹷰�,ؤ����������
2024,�򹷰�,ؤ����������
2025,�򹷰�,ؤ����������
2026,�򹷰�,ؤ����������
2027,�򹷰�,ؤ����������
2028,�򹷰�,ؤ����������
2029,�򹷰�,ؤ����������
2030,�򹷰�,ؤ����������
2031,�򹷰�,ؤ����������
2032,�򹷰�,ؤ����������
2033,�򹷰�,ؤ����������
2034,�򹷰�,ؤ����������
2035,�򹷰�,ؤ����������
2036,�򹷰�,ؤ����������
2037,�򹷰�,ؤ����������
2038,�򹷰�,ؤ����������
2039,�򹷰�,ؤ����������
2040,�򹷰�,ؤ����������
2041,�򹷰�,ؤ����������
2042,�򹷰�,ؤ����������
2043,�򹷰�,ؤ����������
2044,�򹷰�,ؤ����������
2045,�򹷰�,ؤ����������
2046,�򹷰�,ؤ����������
2047,�򹷰�,ؤ����������
2048,�򹷰�,ؤ����������
2049,�򹷰�,ؤ����������
2050,�򹷰�,ؤ����������
2051,�򹷰�,ؤ����������
2052,�򹷰�,ؤ����������
2053,�򹷰�,ؤ����������
2054,�򹷰�,ؤ����������
2055,�򹷰�,ؤ����������
2056,�򹷰�,ؤ����������
2057,�򹷰�,ؤ����������
2058,�򹷰�,ؤ����������
2059,�򹷰�,ؤ����������
2060,�򹷰�,ؤ����������
2061,�򹷰�,ؤ����������
2062,�򹷰�,ؤ����������
2063,�򹷰�,ؤ����������
2064,�򹷰�,ؤ����������
2065,�򹷰�,ؤ����������
2066,�򹷰�,ؤ����������
2067,�򹷰�,ؤ����������
2068,�򹷰�,ؤ����������
2069,�򹷰�,ؤ����������
2070,�򹷰�,ؤ����������
2071,�򹷰�,ؤ����������
2072,�򹷰�,ؤ����������
2073,�򹷰�,ؤ����������
2074,�򹷰�,ؤ����������
2075,�򹷰�,ؤ����������
2076,�򹷰�,ؤ����������
2077,�򹷰�,ؤ����������
2078,�򹷰�,ؤ����������
2079,�򹷰�,ؤ����������
2080,�򹷰�,ؤ����������
2081,�򹷰�,ؤ����������
2082,�򹷰�,ؤ����������
2083,�򹷰�,ؤ����������
2084,�򹷰�,ؤ����������
2085,�򹷰�,ؤ����������
2086,�򹷰�,ؤ����������
2087,�򹷰�,ؤ����������
2088,�򹷰�,ؤ����������
2089,�򹷰�,ؤ����������
2090,�򹷰�,ؤ����������
2091,�򹷰�,ؤ����������
2092,�򹷰�,ؤ����������
2093,�򹷰�,ؤ����������
2094,�򹷰�,ؤ����������
2095,�򹷰�,ؤ����������
2096,�򹷰�,ؤ����������
2097,�򹷰�,ؤ����������
2098,�򹷰�,ؤ����������
2099,�򹷰�,ؤ����������
2100,�򹷰�,ؤ����������
2101,�򹷰�,ؤ����������
2102,�򹷰�,ؤ����������
2103,�򹷰�,ؤ����������
2104,�򹷰�,ؤ����������
2105,�򹷰�,ؤ����������
2106,�򹷰�,ؤ����������
2107,�򹷰�,ؤ����������
2108,�򹷰�,ؤ����������
2109,�򹷰�,ؤ����������
2110,�򹷰�,ؤ����������
2111,�򹷰�,ؤ����������
2112,�򹷰�,ؤ����������
2113,�򹷰�,ؤ����������
2114,�򹷰�,ؤ����������
2115,�򹷰�,ؤ����������
2116,�򹷰�,ؤ����������
2117,�򹷰�,ؤ����������
2118,�򹷰�,ؤ����������
2119,�򹷰�,ؤ����������
2120,�򹷰�,ؤ����������
2121,�򹷰�,ؤ����������
2122,�򹷰�,ؤ����������
2123,�򹷰�,ؤ����������
2124,�򹷰�,ؤ����������
2125,�򹷰�,ؤ����������
2126,�򹷰�,ؤ����������
2127,�򹷰�,ؤ����������
2128,�򹷰�,ؤ����������
2129,�򹷰�,ؤ����������
2130,�򹷰�,ؤ����������
2131,�򹷰�,ؤ����������
2132,�򹷰�,ؤ����������
2133,�򹷰�,ؤ����������
2134,�򹷰�,ؤ����������
2135,�򹷰�,ؤ����������
2136,�򹷰�,ؤ����������
2137,�򹷰�,ؤ����������
2138,�򹷰�,ؤ����������
2139,�򹷰�,ؤ����������
2140,�򹷰�,ؤ����������
2141,�򹷰�,ؤ����������
2142,�򹷰�,ؤ����������
2143,�򹷰�,ؤ����������
2144,�򹷰�,ؤ����������
2145,�򹷰�,ؤ����������
2146,�򹷰�,ؤ����������
2147,�򹷰�,ؤ����������
2148,�򹷰�,ؤ����������
2149,�򹷰�,ؤ����������
2150,�򹷰�,ؤ����������
2151,�򹷰�,ؤ����������
2152,�򹷰�,ؤ����������
2153,�򹷰�,ؤ����������
2154,�򹷰�,ؤ����������
2155,�򹷰�,ؤ����������
2156,�򹷰�,ؤ����������
2157,�򹷰�,ؤ����������
2158,�򹷰�,ؤ����������
2159,�򹷰�,ؤ����������
2160,�򹷰�,ؤ����������
2161,�򹷰�,ؤ����������
2162,�򹷰�,ؤ����������
2163,�򹷰�,ؤ����������
2164,�򹷰�,ؤ����������
2165,�򹷰�,ؤ����������
2166,�򹷰�,ؤ����������
2167,�򹷰�,ؤ����������
2168,�򹷰�,ؤ����������
2169,�򹷰�,ؤ����������
2170,�򹷰�,ؤ����������
2171,�򹷰�,ؤ����������
2172,�򹷰�,ؤ����������
2173,�򹷰�,ؤ����������
2174,�򹷰�,ؤ����������
2175,�򹷰�,ؤ����������
2176,�򹷰�,ؤ����������
2177,�򹷰�,ؤ����������
2178,�򹷰�,ؤ����������
2179,�򹷰�,ؤ����������
2180,�򹷰�,ؤ����������
2181,�򹷰�,ؤ����������
2182,�򹷰�,ؤ����������
2183,�򹷰�,ؤ����������
2184,�򹷰�,ؤ����������
2185,�򹷰�,ؤ����������
2186,�򹷰�,ؤ����������
2187,�򹷰�,ؤ����������
2188,�򹷰�,ؤ����������
2189,�򹷰�,ؤ����������
2190,�򹷰�,ؤ����������
2191,�򹷰�,ؤ����������
2192,�򹷰�,ؤ����������
2193,�򹷰�,ؤ����������
2194,�򹷰�,ؤ����������
2195,�򹷰�,ؤ����������
2196,�򹷰�,ؤ����������
2197,�򹷰�,ؤ����������
2198,�򹷰�,ؤ����������
2199,�򹷰�,ؤ����������
2200,�򹷰�,ؤ����������
2201,�򹷰�,ؤ����������
2202,�򹷰�,ؤ����������
2203,�򹷰�,ؤ����������
2204,�򹷰�,ؤ����������
2205,�򹷰�,ؤ����������
2206,�򹷰�,ؤ����������
2207,�򹷰�,ؤ����������
2208,�򹷰�,ؤ����������
2209,�򹷰�,ؤ����������
2210,�򹷰�,ؤ����������
2211,�򹷰�,ؤ����������
2212,�򹷰�,ؤ����������
2213,�򹷰�,ؤ����������
2214,�򹷰�,ؤ����������
2215,�򹷰�,ؤ����������
2216,�򹷰�,ؤ����������
2217,�򹷰�,ؤ����������
2218,�򹷰�,ؤ����������
2219,�򹷰�,ؤ����������
2220,�򹷰�,ؤ����������
2221,�򹷰�,ؤ����������
2222,�򹷰�,ؤ����������
2223,�򹷰�,ؤ����������
2224,�򹷰�,ؤ����������
2225,�򹷰�,ؤ����������
2226,�򹷰�,ؤ����������
2227,�򹷰�,ؤ����������
2228,�򹷰�,ؤ����������
2229,�򹷰�,ؤ����������
2230,�򹷰�,ؤ����������
2231,�򹷰�,ؤ����������
2232,�򹷰�,ؤ����������
2233,�򹷰�,ؤ����������
2234,�򹷰�,ؤ����������
2235,�򹷰�,ؤ����������
2236,�򹷰�,ؤ����������
2237,�򹷰�,ؤ����������
2238,�򹷰�,ؤ����������
2239,�򹷰�,ؤ����������
2240,�򹷰�,ؤ����������
2241,�򹷰�,ؤ����������
2242,�򹷰�,ؤ����������
2243,�򹷰�,ؤ����������
2244,�򹷰�,ؤ����������
2245,�򹷰�,ؤ����������
2246,�򹷰�,ؤ����������
2247,�򹷰�,ؤ����������
2248,�򹷰�,ؤ����������
2249,�򹷰�,ؤ����������
2250,�򹷰�,ؤ����������
2251,�򹷰�,ؤ����������
2252,�򹷰�,ؤ����������
2253,�򹷰�,ؤ����������
2254,�򹷰�,ؤ����������
2255,�򹷰�,ؤ����������
2256,�򹷰�,ؤ����������
2257,�򹷰�,ؤ����������
2258,�򹷰�,ؤ����������
2259,�򹷰�,ؤ����������
2260,�򹷰�,ؤ����������
2261,�򹷰�,ؤ����������
2262,�򹷰�,ؤ����������
2263,�򹷰�,ؤ����������
2264,�򹷰�,ؤ����������
2265,�򹷰�,ؤ����������
2266,�򹷰�,ؤ����������
2267,�򹷰�,ؤ����������
2268,�򹷰�,ؤ����������
2269,�򹷰�,ؤ����������
2270,�򹷰�,ؤ����������
2271,�򹷰�,ؤ����������
2272,�򹷰�,ؤ����������
2273,�򹷰�,ؤ����������
2274,�򹷰�,ؤ����������
2275,�򹷰�,ؤ����������
2276,�򹷰�,ؤ����������
2277,�򹷰�,ؤ����������
2278,�򹷰�,ؤ����������
2279,�򹷰�,ؤ����������
2280,�򹷰�,ؤ����������
2281,�򹷰�,ؤ����������
2282,�򹷰�,ؤ����������
2283,�򹷰�,ؤ����������
2284,�򹷰�,ؤ����������
2285,�򹷰�,ؤ����������
2286,�򹷰�,ؤ����������
2287,�򹷰�,ؤ����������
2288,�򹷰�,ؤ����������
2289,�򹷰�,ؤ����������
2290,�򹷰�,ؤ����������
2291,�򹷰�,ؤ����������
2292,�򹷰�,ؤ����������
2293,�򹷰�,ؤ����������
2294,�򹷰�,ؤ����������
2295,�򹷰�,ؤ����������
2296,�򹷰�,ؤ����������
2297,�򹷰�,ؤ����������
2298,�򹷰�,ؤ����������
2299,�򹷰�,ؤ����������
2300,�򹷰�,ؤ����������
2301,�򹷰�,ؤ����������
2302,�򹷰�,ؤ����������
2303,�򹷰�,ؤ����������
2304,�򹷰�,ؤ����������
2305,�򹷰�,ؤ����������
2306,�򹷰�,ؤ����������
2307,�򹷰�,ؤ����������
2308,�򹷰�,ؤ����������
2309,�򹷰�,ؤ����������
2310,�򹷰�,ؤ����������
2311,�򹷰�,ؤ����������
2312,�򹷰�,ؤ����������
2313,�򹷰�,ؤ����������
2314,�򹷰�,ؤ����������
2315,�򹷰�,ؤ����������
2316,�򹷰�,ؤ����������
2317,�򹷰�,ؤ����������
2318,�򹷰�,ؤ����������
2319,�򹷰�,ؤ����������
2320,�򹷰�,ؤ����������
2321,�򹷰�,ؤ����������
2322,�򹷰�,ؤ����������
2323,�򹷰�,ؤ����������
2324,�򹷰�,ؤ����������
2325,�򹷰�,ؤ����������
2326,�򹷰�,ؤ����������
2327,�򹷰�,ؤ����������
2328,�򹷰�,ؤ����������
2329,�򹷰�,ؤ����������
2330,�򹷰�,ؤ����������
2331,�򹷰�,ؤ����������
2332,�򹷰�,ؤ����������
2333,�򹷰�,ؤ����������
2334,�򹷰�,ؤ����������
2335,�򹷰�,ؤ����������
2336,�򹷰�,ؤ����������
2337,�򹷰�,ؤ����������
2338,�򹷰�,ؤ����������
2339,�򹷰�,ؤ����������
2340,�򹷰�,ؤ����������
2341,�򹷰�,ؤ����������
2342,�򹷰�,ؤ����������
2343,�򹷰�,ؤ����������
2344,�򹷰�,ؤ����������
2345,�򹷰�,ؤ����������
2346,�򹷰�,ؤ����������
2347,�򹷰�,ؤ����������
2348,�򹷰�,ؤ����������
2349,�򹷰�,ؤ����������
2350,�򹷰�,ؤ����������
2351,�򹷰�,ؤ����������
2352,�򹷰�,ؤ����������
2353,�򹷰�,ؤ����������
2354,�򹷰�,ؤ����������
2355,�򹷰�,ؤ����������
2356,�򹷰�,ؤ����������
2357,�򹷰�,ؤ����������
2358,�򹷰�,ؤ����������
2359,�򹷰�,ؤ����������
2360,�򹷰�,ؤ����������
2361,�򹷰�,ؤ����������
2362,�򹷰�,ؤ����������
2363,�򹷰�,ؤ����������
2364,�򹷰�,ؤ����������
2365,�򹷰�,ؤ����������
2366,�򹷰�,ؤ����������
2367,�򹷰�,ؤ����������
2368,�򹷰�,ؤ����������
2369,�򹷰�,ؤ����������
2370,�򹷰�,ؤ����������
2371,�򹷰�,ؤ����������
2372,�򹷰�,ؤ����������
2373,�򹷰�,ؤ����������
2374,�򹷰�,ؤ����������
2375,�򹷰�,ؤ����������
2376,�򹷰�,ؤ����������
2377,�򹷰�,ؤ����������
2378,�򹷰�,ؤ����������
2379,�򹷰�,ؤ����������
2380,�򹷰�,ؤ����������
2381,�򹷰�,ؤ����������
2382,�򹷰�,ؤ����������
2383,�򹷰�,ؤ����������
2384,�򹷰�,ؤ����������
2385,�򹷰�,ؤ����������
2386,�򹷰�,ؤ����������
2387,�򹷰�,ؤ����������
2388,�򹷰�,ؤ����������
2389,�򹷰�,ؤ����������
2390,�򹷰�,ؤ����������
2391,�򹷰�,ؤ����������
2392,�򹷰�,ؤ����������
2393,�򹷰�,ؤ����������
2394,�򹷰�,ؤ����������
2395,�򹷰�,ؤ����������
2396,�򹷰�,ؤ����������
2397,�򹷰�,ؤ����������
2398,�򹷰�,ؤ����������
2399,�򹷰�,ؤ����������
2400,�򹷰�,ؤ����������
2401,�򹷰�,ؤ����������
2402,�򹷰�,ؤ����������
2403,�򹷰�,ؤ����������
2404,�򹷰�,ؤ����������
2405,�򹷰�,ؤ����������
2406,�򹷰�,ؤ����������
2407,�򹷰�,ؤ����������
2408,�򹷰�,ؤ����������
2409,�򹷰�,ؤ����������
2410,�򹷰�,ؤ����������
2411,�򹷰�,ؤ����������
2412,�򹷰�,ؤ����������
2413,�򹷰�,ؤ����������
2414,�򹷰�,ؤ����������
2415,�򹷰�,ؤ����������
2416,�򹷰�,ؤ����������
2417,�򹷰�,ؤ����������
2418,�򹷰�,ؤ����������
2419,�򹷰�,ؤ����������
2420,�򹷰�,ؤ����������
2421,�򹷰�,ؤ����������
2422,�򹷰�,ؤ����������
2423,�򹷰�,ؤ����������
2424,�򹷰�,ؤ����������
2425,�򹷰�,ؤ����������
2426,�򹷰�,ؤ����������
2427,�򹷰�,ؤ����������
2428,�򹷰�,ؤ����������
2429,�򹷰�,ؤ����������
2430,�򹷰�,ؤ����������
2431,�򹷰�,ؤ����������
2432,�򹷰�,ؤ����������
2433,�򹷰�,ؤ����������
2434,�򹷰�,ؤ����������
2435,�򹷰�,ؤ����������
2436,�򹷰�,ؤ����������
2437,�򹷰�,ؤ����������
2438,�򹷰�,ؤ����������
2439,�򹷰�,ؤ����������
2440,�򹷰�,ؤ����������
2441,�򹷰�,ؤ����������
2442,�򹷰�,ؤ����������
2443,�򹷰�,ؤ����������
2444,�򹷰�,ؤ����������
2445,�򹷰�,ؤ����������
2446,�򹷰�,ؤ����������
2447,�򹷰�,ؤ����������
2448,�򹷰�,ؤ����������
2449,�򹷰�,ؤ����������
2450,�򹷰�,ؤ����������
2451,�򹷰�,ؤ����������
2452,�򹷰�,ؤ����������
2453,�򹷰�,ؤ����������
2454,�򹷰�,ؤ����������
2455,�򹷰�,ؤ����������
2456,�򹷰�,ؤ����������
2457,�򹷰�,ؤ����������
2458,�򹷰�,ؤ����������
2459,�򹷰�,ؤ����������
2460,�򹷰�,ؤ����������
2461,�򹷰�,ؤ����������
2462,�򹷰�,ؤ����������
2463,�򹷰�,ؤ����������
2464,�򹷰�,ؤ����������
2465,�򹷰�,ؤ����������
2466,�򹷰�,ؤ����������
2467,�򹷰�,ؤ����������
2468,�򹷰�,ؤ����������
2469,�򹷰�,ؤ����������
2470,�򹷰�,ؤ����������
2471,�򹷰�,ؤ����������
2472,�򹷰�,ؤ����������
2473,�򹷰�,ؤ����������
2474,�򹷰�,ؤ����������
2475,�򹷰�,ؤ����������
2476,�򹷰�,ؤ����������
2477,�򹷰�,ؤ����������
2478,�򹷰�,ؤ����������
2479,�򹷰�,ؤ����������
2480,�򹷰�,ؤ����������
2481,�򹷰�,ؤ����������
2482,�򹷰�,ؤ����������
2483,�򹷰�,ؤ����������
2484,�򹷰�,ؤ����������
2485,�򹷰�,ؤ����������
2486,�򹷰�,ؤ����������
2487,�򹷰�,ؤ����������
2488,�򹷰�,ؤ����������
2489,�򹷰�,ؤ����������
2490,�򹷰�,ؤ����������
2491,�򹷰�,ؤ����������
2492,�򹷰�,ؤ����������
2493,�򹷰�,ؤ����������
2494,�򹷰�,ؤ����������
2495,�򹷰�,ؤ����������
2496,�򹷰�,ؤ����������
2497,�򹷰�,ؤ����������
2498,�򹷰�,ؤ����������
2499,�򹷰�,ؤ����������
2500,�򹷰�,ؤ����������
2501,�򹷰�,ؤ����������
2502,�򹷰�,ؤ����������
2503,�򹷰�,ؤ����������
2504,�򹷰�,ؤ����������
2505,�򹷰�,ؤ����������
2506,�򹷰�,ؤ����������
2507,�򹷰�,ؤ����������
2508,�򹷰�,ؤ����������
2509,�򹷰�,ؤ����������
2510,�򹷰�,ؤ����������
2511,�򹷰�,ؤ����������
2512,�򹷰�,ؤ����������
2513,�򹷰�,ؤ����������
2514,�򹷰�,ؤ����������
2515,�򹷰�,ؤ����������
2516,�򹷰�,ؤ����������
2517,�򹷰�,ؤ����������
2518,�򹷰�,ؤ����������
2519,�򹷰�,ؤ����������
2520,�򹷰�,ؤ����������
2521,�򹷰�,ؤ����������
2522,�򹷰�,ؤ����������
2523,�򹷰�,ؤ����������
2524,�򹷰�,ؤ����������
2525,�򹷰�,ؤ����������
2526,�򹷰�,ؤ����������
2527,�򹷰�,ؤ����������
2528,�򹷰�,ؤ����������
2529,�򹷰�,ؤ����������
2530,�򹷰�,ؤ����������
2531,�򹷰�,ؤ����������
2532,�򹷰�,ؤ����������
2533,�򹷰�,ؤ����������
2534,�򹷰�,ؤ����������
2535,�򹷰�,ؤ����������
2536,�򹷰�,ؤ����������
2537,�򹷰�,ؤ����������
2538,�򹷰�,ؤ����������
2539,�򹷰�,ؤ����������
2540,�򹷰�,ؤ����������
2541,�򹷰�,ؤ����������
2542,�򹷰�,ؤ����������
2543,�򹷰�,ؤ����������
2544,�򹷰�,ؤ����������
2545,�򹷰�,ؤ����������
2546,�򹷰�,ؤ����������
2547,�򹷰�,ؤ����������
2548,�򹷰�,ؤ����������
2549,�򹷰�,ؤ����������
2550,�򹷰�,ؤ����������
2551,�򹷰�,ؤ����������
2552,�򹷰�,ؤ����������
2553,�򹷰�,ؤ����������
2554,�򹷰�,ؤ����������
2555,�򹷰�,ؤ����������
2556,�򹷰�,ؤ����������
2557,�򹷰�,ؤ����������
2558,�򹷰�,ؤ����������
2559,�򹷰�,ؤ����������
2560,�򹷰�,ؤ����������
2561,�򹷰�,ؤ����������
2562,�򹷰�,ؤ����������
2563,�򹷰�,ؤ����������
2564,�򹷰�,ؤ����������
2565,�򹷰�,ؤ����������
2566,�򹷰�,ؤ����������
2567,�򹷰�,ؤ����������
2568,�򹷰�,ؤ����������
2569,�򹷰�,ؤ����������
2570,�򹷰�,ؤ����������
2571,�򹷰�,ؤ����������
2572,�򹷰�,ؤ����������
2573,�򹷰�,ؤ����������
2574,�򹷰�,ؤ����������
2575,�򹷰�,ؤ����������
2576,�򹷰�,ؤ����������
2577,�򹷰�,ؤ����������
2578,�򹷰�,ؤ����������
2579,�򹷰�,ؤ����������
2580,�򹷰�,ؤ����������
2581,�򹷰�,ؤ����������
2582,�򹷰�,ؤ����������
2583,�򹷰�,ؤ����������
2584,�򹷰�,ؤ����������
2585,�򹷰�,ؤ����������
2586,�򹷰�,ؤ����������
2587,�򹷰�,ؤ����������
2588,�򹷰�,ؤ����������
2589,�򹷰�,ؤ����������
2590,�򹷰�,ؤ����������
2591,�򹷰�,ؤ����������
2592,�򹷰�,ؤ����������
2593,�򹷰�,ؤ����������
2594,�򹷰�,ؤ����������
2595,�򹷰�,ؤ����������
2596,�򹷰�,ؤ����������
2597,�򹷰�,ؤ����������
2598,�򹷰�,ؤ����������
2599,�򹷰�,ؤ����������
2600,�򹷰�,ؤ����������
2601,�򹷰�,ؤ����������
2602,�򹷰�,ؤ����������
2603,�򹷰�,ؤ����������
2604,�򹷰�,ؤ����������
2605,�򹷰�,ؤ����������
2606,�򹷰�,ؤ����������
2607,�򹷰�,ؤ����������
2608,�򹷰�,ؤ����������
2609,�򹷰�,ؤ����������
2610,�򹷰�,ؤ����������
2611,�򹷰�,ؤ����������
2612,�򹷰�,ؤ����������
2613,�򹷰�,ؤ����������
2614,�򹷰�,ؤ����������
2615,�򹷰�,ؤ����������
2616,�򹷰�,ؤ����������
2617,�򹷰�,ؤ����������
2618,�򹷰�,ؤ����������
2619,�򹷰�,ؤ����������
2620,�򹷰�,ؤ����������
2621,�򹷰�,ؤ����������
2622,�򹷰�,ؤ����������
2623,�򹷰�,ؤ����������
2624,�򹷰�,ؤ����������
2625,�򹷰�,ؤ����������
2626,�򹷰�,ؤ����������
2627,�򹷰�,ؤ����������
2628,�򹷰�,ؤ����������
2629,�򹷰�,ؤ����������
2630,�򹷰�,ؤ����������
2631,�򹷰�,ؤ����������
2632,�򹷰�,ؤ����������
2633,�򹷰�,ؤ����������
2634,�򹷰�,ؤ����������
2635,�򹷰�,ؤ����������
2636,�򹷰�,ؤ����������
2637,�򹷰�,ؤ����������
2638,�򹷰�,ؤ����������
2639,�򹷰�,ؤ����������
2640,�򹷰�,ؤ����������
2641,�򹷰�,ؤ����������
2642,�򹷰�,ؤ����������
2643,�򹷰�,ؤ����������
2644,�򹷰�,ؤ����������
2645,�򹷰�,ؤ����������
2646,�򹷰�,ؤ����������
2647,�򹷰�,ؤ����������
2648,�򹷰�,ؤ����������
2649,�򹷰�,ؤ����������
2650,�򹷰�,ؤ����������
2651,�򹷰�,ؤ����������
2652,�򹷰�,ؤ����������
2653,�򹷰�,ؤ����������
2654,�򹷰�,ؤ����������
2655,�򹷰�,ؤ����������
2656,�򹷰�,ؤ����������
2657,�򹷰�,ؤ����������
2658,�򹷰�,ؤ����������
2659,�򹷰�,ؤ����������
2660,�򹷰�,ؤ����������
2661,�򹷰�,ؤ����������
2662,�򹷰�,ؤ����������
2663,�򹷰�,ؤ����������
2664,�򹷰�,ؤ����������
2665,�򹷰�,ؤ����������
2666,�򹷰�,ؤ����������
2667,�򹷰�,ؤ����������
2668,�򹷰�,ؤ����������
2669,�򹷰�,ؤ����������
2670,�򹷰�,ؤ����������
2671,�򹷰�,ؤ����������
2672,�򹷰�,ؤ����������
2673,�򹷰�,ؤ����������
2674,�򹷰�,ؤ����������
2675,�򹷰�,ؤ����������
2676,�򹷰�,ؤ����������
2677,�򹷰�,ؤ����������
2678,�򹷰�,ؤ����������
2679,�򹷰�,ؤ����������
2680,�򹷰�,ؤ����������
2681,�򹷰�,ؤ����������
2682,�򹷰�,ؤ����������
2683,�򹷰�,ؤ����������
2684,�򹷰�,ؤ����������
2685,�򹷰�,ؤ����������
2686,�򹷰�,ؤ����������
2687,�򹷰�,ؤ����������
2688,�򹷰�,ؤ����������
2689,�򹷰�,ؤ����������
2690,�򹷰�,ؤ����������
2691,�򹷰�,ؤ����������
2692,�򹷰�,ؤ����������
2693,�򹷰�,ؤ����������
2694,�򹷰�,ؤ����������
2695,�򹷰�,ؤ����������
2696,�򹷰�,ؤ����������
2697,�򹷰�,ؤ����������
2698,�򹷰�,ؤ����������
2699,�򹷰�,ؤ����������
2700,�򹷰�,ؤ����������
2701,�򹷰�,ؤ����������
2702,�򹷰�,ؤ����������
2703,�򹷰�,ؤ����������
2704,�򹷰�,ؤ����������
2705,�򹷰�,ؤ����������
2706,�򹷰�,ؤ����������
2707,�򹷰�,ؤ����������
2708,�򹷰�,ؤ����������
2709,�򹷰�,ؤ����������
2710,�򹷰�,ؤ����������
2711,�򹷰�,ؤ����������
2712,�򹷰�,ؤ����������
2713,�򹷰�,ؤ����������
2714,�򹷰�,ؤ����������
2715,�򹷰�,ؤ����������
2716,�򹷰�,ؤ����������
2717,�򹷰�,ؤ����������
2718,�򹷰�,ؤ����������
2719,�򹷰�,ؤ����������
2720,�򹷰�,ؤ����������
2721,�򹷰�,ؤ����������
2722,�򹷰�,ؤ����������
2723,�򹷰�,ؤ����������
2724,�򹷰�,ؤ����������
2725,�򹷰�,ؤ����������
2726,�򹷰�,ؤ����������
2727,�򹷰�,ؤ����������
2728,�򹷰�,ؤ����������
2729,�򹷰�,ؤ����������
2730,�򹷰�,ؤ����������
2731,�򹷰�,ؤ����������
2732,�򹷰�,ؤ����������
2733,�򹷰�,ؤ����������
2734,�򹷰�,ؤ����������
2735,�򹷰�,ؤ����������
2736,�򹷰�,ؤ����������
2737,�򹷰�,ؤ����������
2738,�򹷰�,ؤ����������
2739,�򹷰�,ؤ����������
2740,�򹷰�,ؤ����������
2741,�򹷰�,ؤ����������
2742,�򹷰�,ؤ����������
2743,�򹷰�,ؤ����������
2744,�򹷰�,ؤ����������
2745,�򹷰�,ؤ����������
2746,�򹷰�,ؤ����������
2747,�򹷰�,ؤ����������
2748,�򹷰�,ؤ����������
2749,�򹷰�,ؤ����������
2750,�򹷰�,ؤ����������
2751,�򹷰�,ؤ����������
2752,�򹷰�,ؤ����������
2753,�򹷰�,ؤ����������
2754,�򹷰�,ؤ����������
2755,�򹷰�,ؤ����������
2756,�򹷰�,ؤ����������
2757,�򹷰�,ؤ����������
2758,�򹷰�,ؤ����������
2759,�򹷰�,ؤ����������
2760,�򹷰�,ؤ����������
2761,�򹷰�,ؤ����������
2762,�򹷰�,ؤ����������
2763,�򹷰�,ؤ����������
2764,�򹷰�,ؤ����������
2765,�򹷰�,ؤ����������
2766,�򹷰�,ؤ����������
2767,�򹷰�,ؤ����������
2768,�򹷰�,ؤ����������
2769,�򹷰�,ؤ����������
2770,�򹷰�,ؤ����������
2771,�򹷰�,ؤ����������
2772,�򹷰�,ؤ����������
2773,�򹷰�,ؤ����������
2774,�򹷰�,ؤ����������
2775,�򹷰�,ؤ����������
2776,�򹷰�,ؤ����������
2777,�򹷰�,ؤ����������
2778,�򹷰�,ؤ����������
2779,�򹷰�,ؤ����������
2780,�򹷰�,ؤ����������
2781,�򹷰�,ؤ����������
2782,�򹷰�,ؤ����������
2783,�򹷰�,ؤ����������
2784,�򹷰�,ؤ����������
2785,�򹷰�,ؤ����������
2786,�򹷰�,ؤ����������
2787,�򹷰�,ؤ����������
2788,�򹷰�,ؤ����������
2789,�򹷰�,ؤ����������
2790,�򹷰�,ؤ����������
2791,�򹷰�,ؤ����������
2792,�򹷰�,ؤ����������
2793,�򹷰�,ؤ����������
2794,�򹷰�,ؤ����������
2795,�򹷰�,ؤ����������
2796,�򹷰�,ؤ����������
2797,�򹷰�,ؤ����������
2798,�򹷰�,ؤ����������
2799,�򹷰�,ؤ����������
2800,�򹷰�,ؤ����������
2801,�򹷰�,ؤ����������
2802,�򹷰�,ؤ����������
2803,�򹷰�,ؤ����������
2804,�򹷰�,ؤ����������
2805,�򹷰�,ؤ����������
2806,�򹷰�,ؤ����������
2807,�򹷰�,ؤ����������
2808,�򹷰�,ؤ����������
2809,�򹷰�,ؤ����������
2810,�򹷰�,ؤ����������
2811,�򹷰�,ؤ����������
2812,�򹷰�,ؤ����������
2813,�򹷰�,ؤ����������
2814,�򹷰�,ؤ����������
2815,�򹷰�,ؤ����������
2816,�򹷰�,ؤ����������
2817,�򹷰�,ؤ����������
2818,�򹷰�,ؤ����������
2819,�򹷰�,ؤ����������
2820,�򹷰�,ؤ����������
2821,�򹷰�,ؤ����������
2822,�򹷰�,ؤ����������
2823,�򹷰�,ؤ����������
2824,�򹷰�,ؤ����������
2825,�򹷰�,ؤ����������
2826,�򹷰�,ؤ����������
2827,�򹷰�,ؤ����������
2828,�򹷰�,ؤ����������
2829,�򹷰�,ؤ����������
2830,�򹷰�,ؤ����������
2831,�򹷰�,ؤ����������
2832,�򹷰�,ؤ����������
2833,�򹷰�,ؤ����������
2834,�򹷰�,ؤ����������
2835,�򹷰�,ؤ����������
2836,�򹷰�,ؤ����������
2837,�򹷰�,ؤ����������
2838,�򹷰�,ؤ����������
2839,�򹷰�,ؤ����������
2840,�򹷰�,ؤ����������
2841,�򹷰�,ؤ����������
2842,�򹷰�,ؤ����������
2843,�򹷰�,ؤ����������
2844,�򹷰�,ؤ����������
2845,�򹷰�,ؤ����������
2846,�򹷰�,ؤ����������
2847,�򹷰�,ؤ����������
2848,�򹷰�,ؤ����������
2849,�򹷰�,ؤ����������
2850,�򹷰�,ؤ����������
2851,�򹷰�,ؤ����������
2852,�򹷰�,ؤ����������
2853,�򹷰�,ؤ����������
2854,�򹷰�,ؤ����������
2855,�򹷰�,ؤ����������
2856,�򹷰�,ؤ����������
2857,�򹷰�,ؤ����������
2858,�򹷰�,ؤ����������
2859,�򹷰�,ؤ����������
2860,�򹷰�,ؤ����������
2861,�򹷰�,ؤ����������
2862,�򹷰�,ؤ����������
2863,�򹷰�,ؤ����������
2864,�򹷰�,ؤ����������
2865,�򹷰�,ؤ����������
2866,�򹷰�,ؤ����������
2867,�򹷰�,ؤ����������
2868,�򹷰�,ؤ����������
2869,�򹷰�,ؤ����������
2870,�򹷰�,ؤ����������
2871,�򹷰�,ؤ����������
2872,�򹷰�,ؤ����������
2873,�򹷰�,ؤ����������
2874,�򹷰�,ؤ����������
2875,�򹷰�,ؤ����������
2876,�򹷰�,ؤ����������
2877,�򹷰�,ؤ����������
2878,�򹷰�,ؤ����������
2879,�򹷰�,ؤ����������
2880,�򹷰�,ؤ����������
2881,�򹷰�,ؤ����������
2882,�򹷰�,ؤ����������
2883,�򹷰�,ؤ����������
2884,�򹷰�,ؤ����������
2885,�򹷰�,ؤ����������
2886,�򹷰�,ؤ����������
2887,�򹷰�,ؤ����������
2888,�򹷰�,ؤ����������
2889,�򹷰�,ؤ����������
2890,�򹷰�,ؤ����������
2891,�򹷰�,ؤ����������
2892,�򹷰�,ؤ����������
2893,�򹷰�,ؤ����������
2894,�򹷰�,ؤ����������
2895,�򹷰�,ؤ����������
2896,�򹷰�,ؤ����������
2897,�򹷰�,ؤ����������
2898,�򹷰�,ؤ����������
2899,�򹷰�,ؤ����������
2900,�򹷰�,ؤ����������
2901,�򹷰�,ؤ����������
2902,�򹷰�,ؤ����������
2903,�򹷰�,ؤ����������
2904,�򹷰�,ؤ����������
2905,�򹷰�,ؤ����������
2906,�򹷰�,ؤ����������
2907,�򹷰�,ؤ����������
2908,�򹷰�,ؤ����������
2909,�򹷰�,ؤ����������
2910,�򹷰�,ؤ����������
2911,�򹷰�,ؤ����������
2912,�򹷰�,ؤ����������
2913,�򹷰�,ؤ����������
2914,�򹷰�,ؤ����������
2915,�򹷰�,ؤ����������
2916,�򹷰�,ؤ����������
2917,�򹷰�,ؤ����������
2918,�򹷰�,ؤ����������
2919,�򹷰�,ؤ����������
2920,�򹷰�,ؤ����������
2921,�򹷰�,ؤ����������
2922,�򹷰�,ؤ����������
2923,�򹷰�,ؤ����������
2924,�򹷰�,ؤ����������
2925,�򹷰�,ؤ����������
2926,�򹷰�,ؤ����������
2927,�򹷰�,ؤ����������
2928,�򹷰�,ؤ����������
2929,�򹷰�,ؤ����������
2930,�򹷰�,ؤ����������
2931,�򹷰�,ؤ����������
2932,�򹷰�,ؤ����������
2933,�򹷰�,ؤ����������
2934,�򹷰�,ؤ����������
2935,�򹷰�,ؤ����������
2936,�򹷰�,ؤ����������
2937,�򹷰�,ؤ����������
2938,�򹷰�,ؤ����������
2939,�򹷰�,ؤ����������
2940,�򹷰�,ؤ����������
2941,�򹷰�,ؤ����������
2942,�򹷰�,ؤ����������
2943,�򹷰�,ؤ����������
2944,�򹷰�,ؤ����������
2945,�򹷰�,ؤ����������
2946,�򹷰�,ؤ����������
2947,�򹷰�,ؤ����������
2948,�򹷰�,ؤ����������
2949,�򹷰�,ؤ����������
2950,�򹷰�,ؤ����������
2951,�򹷰�,ؤ����������
2952,�򹷰�,ؤ����������
2953,�򹷰�,ؤ����������
2954,�򹷰�,ؤ����������
2955,�򹷰�,ؤ����������
2956,�򹷰�,ؤ����������
2957,�򹷰�,ؤ����������
2958,�򹷰�,ؤ����������
2959,�򹷰�,ؤ����������
2960,�򹷰�,ؤ����������
2961,�򹷰�,ؤ����������
2962,�򹷰�,ؤ����������
2963,�򹷰�,ؤ����������
2964,�򹷰�,ؤ����������
2965,�򹷰�,ؤ����������
2966,�򹷰�,ؤ����������
2967,�򹷰�,ؤ����������
2968,�򹷰�,ؤ����������
2969,�򹷰�,ؤ����������
2970,�򹷰�,ؤ����������
2971,�򹷰�,ؤ����������
2972,�򹷰�,ؤ����������
2973,�򹷰�,ؤ����������
2974,�򹷰�,ؤ����������
2975,�򹷰�,ؤ����������
2976,�򹷰�,ؤ����������
2977,�򹷰�,ؤ����������
2978,�򹷰�,ؤ����������
2979,�򹷰�,ؤ����������
2980,�򹷰�,ؤ����������
2981,�򹷰�,ؤ����������
2982,�򹷰�,ؤ����������
2983,�򹷰�,ؤ����������
2984,�򹷰�,ؤ����������
2985,�򹷰�,ؤ����������
2986,�򹷰�,ؤ����������
2987,�򹷰�,ؤ����������
2988,�򹷰�,ؤ����������
2989,�򹷰�,ؤ����������
2990,�򹷰�,ؤ����������
2991,�򹷰�,ؤ����������
2992,�򹷰�,ؤ����������
2993,�򹷰�,ؤ����������
2994,�򹷰�,ؤ����������
2995,�򹷰�,ؤ����������
2996,�򹷰�,ؤ����������
2997,�򹷰�,ؤ����������
2998,�򹷰�,ؤ����������
2999,�򹷰�,ؤ����������
3000,�򹷰�,ؤ����������
